Abbreviation,Name,Formula (neutral),Formula (Charged),Charge,Compartment,KEGG ID,PubChemID,CheBI ID,Inchi String,Smiles
cpd00080[c],Glycerol-3-phosphate,,C3H8O6P,-1,,C00623|C00093,,,,
cpd15239[c],Hexadecenoyl-ACP,,C27H49N2O8PRS,-1,,,,,,
cpd15268[c],Octadecanoyl-ACP,,C29H55N2O8PRS,-1,,,,,,
cpd15277[c],Palmitoyl-ACP,,C27H51N2O8PRS,-1,,,,,,
cpd15572[c],trans-octadec-2-enoyl-[acyl-carrier protein],,C29H53N2O8PRS,-1,,,,,,
cpd11422[c],"1,2-diacyl-sn-glycerol 3-phosphate",,C5H6O8PR2,-1,,C00416,,,,
cpd11493[c],ACP,,C11H21N2O7PRS,-1,,C00229,,,,
cpd00001[c],H2O,,H2O,0,,C00001|C01328,,,,
cpd00007[c],O2,,O2,0,,C00007,,,,
cpd00726[c],"1,3-Propanediamine",,C3H12N2,2,,C00986,,,,
cpd00013[c],NH3,,H4N,1,,C01342|C00014,,,,
cpd00025[c],H2O2,,H2O2,0,,C00027,,,,
cpd01504[c],3-Aminopropanal,,C3H8NO,1,,C05665,,,,
cpd00004[c],NADH,,C21H27N7O14P2,-2,,C00004,,,,
cpd00067[c],H+,,H,1,,C00080,,,,
cpd17083[c],phenazine-1-carboxylic acid,,C13H8N2O2,0,,,,,,
cpd00003[c],NAD,,C21H26N7O14P2,-1,,C00003,,,,
cpd00011[c],CO2,,CO2,0,,C00011,,,,
cpd17044[c],1-hydroxyphenazine,,C12H8ON2,0,,,,,,
cpd11311[c],1-Pyrroline,,C4H8N,1,,C15668,,,,
cpd00281[c],GABA,,C4H9NO2,0,,C00334,,,,
cpd00023[c],L-Glutamate,,C5H8NO4,-1,,C00025|C00302,,,,
cpd00346[c],L-Aspartate4-semialdehyde,,C4H7NO3,0,,C00441,,,,
cpd00024[c],2-Oxoglutarate,,C5H4O5,-2,,C00026,,,,
cpd02095[c],"L-2,4-Diaminobutyrate",,C4H11N2O2,1,,C03283,,,,
cpd17076[c],delta-aminovalerate,,C5H13NO2,0,,,,,,
cpd02089[c],5-Oxopentanoate,,C5H7O3,-1,,C03273,,,,
cpd00020[c],Pyruvate,,C3H3O3,-1,,C00022,,,,
cpd02233[c],Ciliatine,,C2H7NO3P,-1,,C03557,,,,
cpd00035[c],L-Alanine,,C3H7NO2,0,,C00041,,,,
cpd02024[c],Phosphonoacetaldehyde,,C2H3O4P,-2,,C03167,,,,
cpd01795[c],2-Deoxy-D-gluconate,,C6H11O6,-1,,C02782,,,,
cpd02441[c],3-Dehydro-2-deoxy-D-gluconate,,C6H9O6,-1,,C03926,,,,
cpd00006[c],NADP,,C21H26N7O17P3,-2,,C00006,,,,
cpd00222[e],GLCN,,C6H11O7,-1,,C00257,,,,
cpd00005[c],NADPH,,C21H27N7O17P3,-3,,C00005,,,,
cpd00480[e],2-Dehydro-D-gluconate,,C6H9O7,-1,,,,,,
cpd00480[c],2-Dehydro-D-gluconate,,C6H9O7,-1,,,,,,
cpd11468[c],Dodecanoyl-ACP,,C23H43N2O8PRS,-1,,C05223,,,,
cpd17046[c],2-hydroxydodecanoyl-[acyl-carrier protein],,C12H23O2X,0,,,,,,
cpd11466[c],Myristoyl-ACP,,C25H47N2O8PRS,-1,,C05761,,,,
cpd17047[c],S-2-hydroxymyristoyl-[acyl-carrier protein],,C14H27O2X,0,,,,,,
cpd00449[c],Dihydrolipoamide,,C8H17NOS2,0,,C00579|C15973,,,,
cpd00760[c],2-Methylbutyryl-CoA,,C26H41N7O17P3S,-3,,C01033|C15980,,,,
cpd00010[c],CoA,,C21H33N7O16P3S,-3,,C00010,,,,
cpd03045[c],S-(2-Methylbutanoyl)-dihydrolipoamide,,C13H25NO2S2,0,,C05118,,,,
cpd01433[c],2-Nitropropane,,C3H7NO2,0,,C02116,,,,
cpd00075[c],Nitrite,,NO2,-1,,C00088,,,,
cpd00178[c],Acetone,,C3H6O,0,,C00207,,,,
cpd00002[c],ATP,,C10H13N5O13P3,-3,,C00002,,,,
cpd00281[e],GABA,,C4H9NO2,0,,C00334,,,,
cpd00008[c],ADP,,C10H13N5O10P2,-2,,C00008,,,,
cpd00009[c],Phosphate,,HO4P,-2,,C00009,,,,
cpd17049[c],3-aminopropanaldehyde,,C3H7ON,0,,,,,,
cpd00085[c],beta-Alanine,,C3H7NO2,0,,C00099,,,,
cpd00017[c],S-Adenosyl-L-methionine,,C15H23N6O5S,1,,C00019,,,,
cpd00019[c],S-Adenosyl-homocysteine,,C14H20N6O5S,0,,C00021,,,,
cpd01351[c],Ubiquinone-9,,C54H82O4,0,,C01967,,,,
cpd17045[c],beta-hydroxydecanoyl-beta-hydroxydecanoyl-S-CoA,,C41H68O20N7P3S,0,,,,,,
cpd17050[c],3-hydroxydecanoyl-3-hydroxydecanoate,,C20H38O5,0,,,,,,
cpd00797[c],(R)-3-Hydroxybutanoate,,C4H7O3,-1,,C01089,,,,
cpd00142[c],Acetoacetate,,C4H5O3,-1,,C00164,,,,
cpd01882[c],Isovaleryl-CoA,,C26H41N7O17P3S,-3,,C02939,,,,
cpd03046[c],S-(3-Methylbutanoyl)-dihydrolipoamide,,C13H25NO2S2,0,,C05119,,,,
cpd17082[c],N-(3-oxo-dodecanoyl)-L-homoserine lactone,,C16H27NO4,0,,,,,,
cpd01581[c],3-Oxododecanoate,,C12H21O3,-1,,C02367,,,,
cpd16660[c],homoserine lactone,,,NaN,,,,,,
cpd00022[c],Acetyl-CoA,,C23H35N7O17P3S,-3,,C00024,,,,
cpd00078[c],Succinyl-CoA,,C25H36N7O19P3S,-4,,C00091,,,,
cpd01507[c],3-Oxoadipyl-CoA,,C27H38N7O20P3S,-4,,C02232,,,,
cpd00434[c],4-Aminobutanal,,C4H10NO,1,,C00555,,,,
cpd03897[c],4a-Hydroxytetrahydrobiopterin,,C9H15N5O4,0,,C15522,,,,
cpd00231[c],Dihydrobiopterin,,C9H13N5O3,0,,C00268,,,,
cpd00067[e],H+,,H,1,,C00080,,,,
cpd00136[e],4-Hydroxybenzoate,,C7H5O3,-1,,C00156,,,,
cpd00136[c],4-Hydroxybenzoate,,C7H5O3,-1,,C00156,,,,
cpd00489[c],4-Hydroxyphenylacetate,,C8H7O3,-1,,C13636|C00642,,,,
cpd00854[c],Homoprotocatechuate,,C8H7O4,-1,,C01161,,,,
cpd03607[c],4-(Phosphonooxy)-threonine,,C4H9NO7P,-1,,C06055,,,,
cpd03608[c],4-Hydroxy-L-threonine,,C4H9NO4,0,,C06056,,,,
cpd02828[c],5-Carboxymethyl-2-hydroxymuconic semialdehyde,,C8H6O6,-2,,C04642,,,,
cpd02572[c],5-Carboxymethyl-2-hydroxymuconate,,C8H5O7,-3,,C04186,,,,
cpd17053[c],5-methylphenazine-1-carboxylic acid betaine,,C14H11N2O2,0,,,,,,
cpd00147[c],5-Methylthioadenosine,,C11H15N5O3S,0,,C00170,,,,
cpd00147[e],5-Methylthioadenosine,,C11H15N5O3S,0,,C00170,,,,
cpd00817[c],D-Arabinose5-phosphate,,C5H10O8P,-1,,C01112,,,,
cpd00171[c],D-Ribulose5-phosphate,,C5H10O8P,-1,,C00199,,,,
cpd00199[c],4-Oxobutanoate,,C4H5O3,-1,,C00232,,,,
cpd03294[e],Aerobactin,,C22H33N4O13,-3,,C05554,,,,
cpd03294[c],Aerobactin,,C22H33N4O13,-3,,C05554,,,,
cpd00012[c],PPi,,H2O7P2,-2,,C00013,,,,
cpd00018[c],AMP,,C10H13N5O7P,-1,,C00020,,,,
cpd00279[c],Acetoacetyl-CoA,,C25H37N7O18P3S,-3,,C00332,,,,
cpd00086[c],Propionyl-CoA,,C24H37N7O17P3S,-3,,C00100,,,,
cpd02124[c],2-Methylacetoacetyl-CoA,,C26H39N7O18P3S,-3,,C03344,,,,
cpd00242[c],H2CO3,,CHO3,-1,,C01353|C00288,,,,
cpd00070[c],Malonyl-CoA,,C24H34N7O19P3S,-4,,C00083,,,,
cpd00477[c],N-Acetyl-L-glutamate,,C7H9NO5,-2,,C00624,,,,
cpd02552[c],n-acetylglutamyl-phosphate,,C7H10NO8P,-2,,C04133,,,,
cpd00094[c],2-Oxobutyrate,,C4H5O3,-1,,C00109,,,,
cpd00498[c],2-Aceto-2-hydroxybutanoate,,C6H9O4,-1,,C00659|C06006,,,,
cpd00029[c],Acetate,,C2H3O2,-1,,C00033,,,,
cpd00196[c],Acetylphosphate,,C2H4O5P,-1,,C00227,,,,
cpd00668[c],ALCTT,,C5H7O4,-1,,C06010|C00900,,,,
cpd11492[c],Malonyl-acyl-carrierprotein-,,C14H22N2O10PRS,-2,,C01209,,,,
cpd11494[c],Acetyl-ACP,,C13H23N2O8PRS,-1,,C03939,,,,
cpd11488[c],Acetoacetyl-ACP,,C15H25N2O9PRS,-1,,C05744,,,,
cpd00650[c],Crotonyl-CoA,,C25H37N7O17P3S,-3,,C00877,,,,
cpd00120[c],Butyryl-CoA,,C25H39N7O17P3S,-3,,C00136,,,,
cpd00982[c],FADH2,,C27H33N9O15P2,-2,,C01352,,,,
cpd02125[c],Tiglyl-CoA,,C26H39N7O17P3S,-3,,C03345,,,,
cpd00015[c],FAD,,C27H31N9O15P2,-2,,C00016,,,,
cpd01966[c],Dimethylacryloyl-CoA,,C26H39N7O17P3S,-3,,C03069,,,,
cpd00342[c],N-Acetylornithine,,C7H14N2O3,0,,C00437,,,,
cpd00064[c],Ornithine,,C5H13N2O2,1,,C00077|C01602,,,,
cpd00137[c],Citrate,,C6H5O7,-3,,C00158,,,,
cpd00260[c],Isocitrate,,C6H5O7,-3,,C00311,,,,
cpd00918[c],2-Acetamido-5-oxopentanoate,,C7H10NO4,-1,,C01250,,,,
cpd12370[c],apo-ACP,,HOR,0,,C03688,,,,
cpd00045[c],Adenosine 3-5-bisphosphate,,C10H13N5O10P2,-2,,C00054,,,,
cpd00029[e],Acetate,,C2H3O2,-1,,C00033,,,,
cpd00182[c],Adenosine,,C10H13N5O4,0,,C00212,,,,
cpd00246[c],Inosine,,C10H12N4O5,0,,C00294,,,,
cpd08210[c],ADC,,C10H10NO5,-1,,C11355,,,,
cpd00443[c],ABEE,,C7H6NO2,-1,,C00568,,,,
cpd02039[c],1-Aminopropan-2-ol,,C3H10NO,1,,C03194|C05771,,,,
cpd03917[c],Adenosylcobyric acid,,C55H77CoN15O11,1,,C06507,,,,
cpd03918[c],Adenosyl cobinamide,,C58H85CoN16O11,2,,C06508,,,,
cpd00053[c],L-Glutamine,,C5H10N2O3,0,,C00064,,,,
cpd03916[c],Adenosyl cobyrinate diamide,,C55H69CoN11O15,-3,,C06506,,,,
cpd00216[c],Chorismate,,C10H8O6,-2,,C00251,,,,
cpd00128[c],Adenine,,C5H5N5,0,,C00147,,,,
cpd00226[c],HYXN,,C5H4N4O,0,,C00262,,,,
cpd17073[c],2-amino-2-deoxyisochorismic acid,,C10H10O5N,0,,,,,,
cpd00038[c],GTP,,C10H13N5O14P3,-3,,C00044,,,,
cpd00031[c],GDP,,C10H13N5O11P2,-2,,C00035,,,,
cpd00068[c],ITP,,C10H12N4O14P3,-3,,C00081,,,,
cpd00090[c],IDP,,C10H12N4O11P2,-2,,C00104,,,,
cpd00837[c],S-Adenosylmethioninamine,,C14H24N6O3S,2,,C01137,,,,
cpd00446[c],cAMP,,C10H11N5O6P,-1,,C00575,,,,
cpd00103[c],PRPP,,C5H10O14P3,-3,,C00119,,,,
cpd00193[c],APS,,C10H12N5O10PS,-2,,C00224,,,,
cpd00044[c],3-phosphoadenylylsulfate,,C10H12N5O13P2S,-3,,C00053,,,,
cpd02375[c],Adenylosuccinate,,C14H15N5O11P,-3,,C03794,,,,
cpd00106[c],Fumarate,,C4H2O4,-2,,C00122,,,,
cpd02921[c],SAICAR,,C13H16N4O12P,-3,,C04823|C04811,,,,
cpd02851[c],AICAR,,C9H14N4O8P,-1,,C04677,,,,
cpd00041[c],L-Aspartate,,C4H6NO4,-1,,C00049|C16433,,,,
cpd00114[c],IMP,,C10H12N4O8P,-1,,C00130,,,,
cpd00293[c],N-Acetyl-D-glucosamine 6-phosphate,,C8H15NO9P,-1,,C00357,,,,
cpd00288[c],D-Glucosamine phosphate,,C6H14NO8P,0,,C00352,,,,
cpd00152[c],Agmatine,,C5H16N4,2,,C00179,,,,
cpd00073[c],Urea,,CH4N2O,0,,C00086,,,,
cpd00118[c],Putrescine,,C4H14N2,2,,C00134,,,,
cpd00341[c],N-Carbamoylputrescine,,C5H14N3O,1,,C00436,,,,
cpd02498[c],"2,3-Dihydroxy-isovalerate",,C5H9O4,-1,,C04039|C04272,,,,
cpd00135[c],Homocysteine,,C4H9NO2S,0,,C05330|C00155,,,,
cpd02140[c],AIR,,C8H14N3O7P,0,,C03373,,,,
cpd00229[c],Glycolaldehyde,,C2H4O2,0,,C00266,,,,
cpd00939[c],Toxopyrimidine,,C6H9N3O,0,,C01279,,,,
cpd00324[c],MTTL,,CH4S,0,,C00409,,,,
cpd00790[c],O-Acetyl-L-homoserine,,C6H11NO4,0,,C01077,,,,
cpd00060[c],L-Methionine,,C5H11NO2S,0,,C00073|C01733,,,,
cpd00201[c],10-Formyltetrahydrofolate,,C20H21N7O7,-2,,C00234,,,,
cpd00087[c],Tetrahydrofolate,,C19H21N7O6,-2,,C00101,,,,
cpd02884[c],FAICAR,,C10H14N4O9P,-1,,C04734,,,,
cpd02893[c],5'-Phosphoribosyl-4-carboxy-5-aminoimidazole,,C9H13N3O9P,-1,,C04751,,,,
cpd11310[c],5-phosphoribosyl-5-carboxyaminoimidazole,,C9H12N3O9P,-2,,C15667,,,,
cpd00024[e],2-Oxoglutarate,,C5H4O5,-2,,C00026,,,,
cpd02978[c],"7,8-Dihydroneopterin 3'-triphosphate",,C9H13N5O13P3,-3,,C04895,,,,
cpd02961[c],Dihydroneopterin,,C9H13N5O4,0,,C04874,,,,
cpd00117[c],D-Alanine,,C3H7NO2,0,,C00133,,,,
cpd15595[c],Ala-Ala,,C6H12N2O3,0,,C00993,,,,
cpd00016[c],Pyridoxal phosphate,,C8H9NO6P,-1,,C00018,,,,
cpd00493[c],Pyridoxamine phosphate,,C8H13N2O5P,0,,C00647,,,,
cpd00035[e],L-Alanine,,C3H7NO2,0,,C00041,,,,
cpd00971[e],Na+,,Na,1,,C01330,,,,
cpd00971[c],Na+,,Na,1,,C01330,,,,
cpd00100[c],Glycerol,,C3H8O3,0,,C00116,,,,
cpd00448[c],D-Glyceraldehyde,,C3H6O3,0,,C00577,,,,
cpd00071[c],Acetaldehyde,,C2H4O,0,,C00084,,,,
cpd15561[c],Ubiquinol-8,,C49H76O4,0,,,,,,
cpd00363[c],Ethanol,,C2H6O,0,,C00469,,,,
cpd11669[c],Ubiquinone,,C19H26O4,0,,C00399,,,,
cpd00055[c],Formaldehyde,,CH2O,0,,C00067,,,,
cpd00047[c],Formate,,CHO2,-1,,C00058,,,,
cpd00047[e],Formate,,CHO2,-1,,C00058,,,,
cpd00083[c],GDP-mannose,,C16H23N5O16P2,-2,,C00096,,,,
cpd00719[c],GDP-D-mannuronate,,C16H20N5O17P2,-3,,C00976,,,,
cpd17074[c],Acetylated Alginate,,C14H18O13,0,,,,,,
cpd17074[e],Acetylated Alginate,,C14H18O13,0,,,,,,
cpd11949[c],Alginate,,C6H8O6*2,0,,C01768,,,,
cpd17075[c],Epimerized Alginate Dimer,,C12H16O12,0,,,,,,
cpd00388[c],Allantoate,,C4H7N4O4,-1,,C00499,,,,
cpd00465[c],Ureidoglycolate,,C3H5N2O4,-1,,C00603|C05241,,,,
cpd01092[c],Allantoin,,C4H6N4O3,0,,C01551|C02350,,,,
cpd01092[e],Allantoin,,C4H6N4O3,0,,C01551|C02350,,,,
cpd01923[c],N-Acetylmuramoyl-Ala,,C14H23N2O9,-1,,C02999,,,,
cpd03485[c],N-Acetyl-D-muramoate,,C11H18NO8,-1,,,,,,
cpd00800[c],8-Amino-7-oxononanoate,,C9H17NO3,0,,C01092,,,,
cpd00764[c],7-8-Diaminononanoate,,C9H21N2O2,1,,C01037,,,,
cpd02701[c],S-Adenosyl-4-methylthio-2-oxobutanoate,,C15H19N5O6S,0,,C04425,,,,
cpd11425[c],2dmmq7,,C45H62O2,0,,C05818,,,,
cpd11451[c],mql7,,C46H66O2,0,,C00828,,,,
cpd00101[c],ribose-5-phosphate,,C5H10O8P,-1,,C03736|C00117,,,,
cpd00985[c],NH4OH,,H5NO,2,,C01358,,,,
cpd00093[c],Anthranilate,,C7H6NO2,-1,,C00108,,,,
cpd02642[c],N-5-phosphoribosyl-anthranilate,,C12H14NO9P,-2,,C04302,,,,
cpd00782[c],Pimeloyl-CoA,,C28H42N7O19P3S,-4,,C01063,,,,
cpd00924[c],AppppA,,C20H24N10O19P4,-4,,C01260,,,,
cpd02720[c],5-Amino-6--5-phosphoribitylaminouracil,,C9H16N4O9P,-1,,C04454,,,,
cpd00931[c],5-Amino-6--5-phosphoribosylaminouracil,,C9H14N4O9P,-1,,C01268,,,,
cpd00051[e],L-Arginine,,C6H15N4O2,1,,C00062|C02385,,,,
cpd00051[c],L-Arginine,,C6H15N4O2,1,,C00062|C02385,,,,
cpd00152[e],Agmatine,,C5H16N4,2,,C00179,,,,
cpd00274[c],Citrulline,,C6H13N3O3,0,,C00327,,,,
cpd00064[e],Ornithine,,C5H13N2O2,1,,C00077|C01602,,,,
cpd02152[c],L-Argininosuccinate,,C10H17N4O6,-1,,C03406,,,,
cpd11907[c],tRNA(Arg),,C10H12N5O3R,0,,C01636,,,,
cpd12036[c],L-Arginyl-tRNA,,C16H26N9O4R,2,,C02163,,,,
cpd01048[c],Arsenate,,HO4As,-2,,C01478|C11215,,,,
cpd15481[c],glutaredoxin (reduced),,C6H9NO2R2S2,0,,,,,,
cpd04098[c],Arsenite,,H3O3As,0,,C06697,,,,
cpd13050[c],Glutaredoxin disulfide,,C20H30N6O12S2,-2,,C07293,,,,
cpd01977[c],4-Phospho-L-aspartate,,C4H7NO7P,-1,,C03082,,,,
cpd00059[e],L-Ascorbate,,C6H7O6,-1,,C00072,,,,
cpd00059[c],L-Ascorbate,,C6H7O6,-1,,C00072,,,,
cpd00132[c],L-Asparagine,,C4H8N2O3,0,,C00152,,,,
cpd00132[e],L-Asparagine,,C4H8N2O3,0,,C00152,,,,
cpd00146[c],Carbamoylphosphate,,CH3NO5P,-1,,C00169,,,,
cpd00343[c],N-Carbamoyl-L-aspartate,,C5H6N2O5,-2,,C00438,,,,
cpd03470[c],Iminoaspartate,,C4H3NO4,-2,,C05840,,,,
cpd00095[c],Glycerone-phosphate,,C3H6O6P,-1,,C00111,,,,
cpd02333[c],Quinolinate,,C7H3NO4,-2,,C03722,,,,
cpd00032[c],Oxaloacetate,,C4H2O5,-2,,C00036,,,,
cpd00041[e],L-Aspartate,,C4H6NO4,-1,,C00049|C16433,,,,
cpd01775[c],Phosphoribosyl-ATP,,C15H21N5O20P4,-4,,C02739,,,,
cpd00447[c],Betaine aldehyde,,C5H12NO,1,,C00576,,,,
cpd00540[c],BET,,C5H11NO2,0,,C00719,,,,
cpd00191[c],3-Oxopropanoate,,C3H3O3,-1,,C00222,,,,
cpd00153[c],Benzoate,,C7H5O2,-1,,C00180,,,,
cpd03762[c],"cis-1,2-dihydroxybenzoate",,C7H7O4,-1,,C06321,,,,
cpd01447[c],Benzoylformate,,C8H5O3,-1,,C02137,,,,
cpd00225[c],Benzaldehyde,,C7H6O,0,,C00261,,,,
cpd11668[c],Penam,,C9H10N2O4RS,-1,,C00395,,,,
cpd12884[c],Penicilloic acid,,C9H11N2O5RS,-2,,C06567,,,,
cpd01947[c],BDOH,,C4H10O2,0,,C03044,,,,
cpd00361[c],ACTN,,C4H8O2,0,,C00466|C00810,,,,
cpd01947[e],BDOH,,C4H10O2,0,,C03044,,,,
cpd11465[c],But-2-enoyl-[acyl-carrier protein],,C15H25N2O8PRS,-1,,C04246,,,,
cpd11464[c],Butyryl-ACP,,C15H27N2O8PRS,-1,,C05745,,,,
cpd12848[c],Holo-[carboxylase],,C17H27N5O4R2S,0,,C06250,,,,
cpd12543[c],Carboxybiotin-carboxyl-carrier protein,,C18H26N5O6R2S,-1,,C04419,,,,
cpd03517[c],Biotinyl-5-AMP,,C20H27N7O9PS,-1,,C05921,,,,
cpd00104[c],BIOT,,C10H15N2O3S,-1,,C00120,,,,
cpd00074[c],S,,S,0,,C00087,,,,
cpd01311[c],Dethiobiotin,,C10H17N2O3,-1,,C01909,,,,
cpd00239[c],H2S,,H2S,0,,C00297|C00283,,,,
cpd11596[e],butanesulfonate,,C4H9O3S,-1,,,,,,
cpd11596[c],butanesulfonate,,C4H9O3S,-1,,,,,,
cpd08635[c],N-Butyryl-L-homoserine lactone,,C8H13NO3,0,,C11837,,,,
cpd00211[c],Butyrate,,C4H7O2,-1,,C00246,,,,
cpd00077[c],Catechol,,C6H6O2,0,,C00090|C15571,,,,
cpd01630[c],"cis,cis-Muconate",,C6H4O4,-2,,C02480,,,,
cpd02536[c],Muconolactone,,C6H5O4,-1,,C04105|C14610,,,,
cpd02255[c],3-oxoadipate-enol-lactone,,C6H5O4,-1,,C03586,,,,
cpd03422[c],Cobinamide,,C48H73CoN11O8,3,,C05774,,,,
cpd01012[c],Cd2+,,Cd,2,,C01413,,,,
cpd01012[e],Cd2+,,Cd,2,,C01413,,,,
cpd11427[c],CDP-diacylglycerol,,C14H17N3O15P2R2,-2,,C00269,,,,
cpd00046[c],CMP,,C9H13N3O8P,-1,,C00055,,,,
cpd11454[c],Phosphatidylglycerophosphate,,C8H12O13P2R2,-2,,C03892,,,,
cpd00054[c],L-Serine,,C3H7NO3,0,,C00716|C00065,,,,
cpd11455[c],ps_BS,,C8H10NO10PR2,-2,,C02737,,,,
cpd08287[c],4--cytidine5-diphospho-2-C-methyl-D-erythritol,,C14H23N3O14P2,-2,,C11435,,,,
cpd08288[c],2-phospho-4--cytidine5-diphospho-2-C-methyl-D-erythritol,,C14H23N3O17P3,-3,,C11436,,,,
cpd00098[e],Choline,,C5H14NO,1,,C00114,,,,
cpd00098[c],Choline,,C5H14NO,1,,C00114,,,,
cpd00219[c],Prephenate,,C10H8O6,-2,,C00254,,,,
cpd00932[c],5-O--1-Carboxyvinyl-3-phosphoshikimate,,C10H10O10P,-3,,C01269,,,,
cpd00137[e],Citrate,,C6H5O7,-3,,C00158,,,,
cpd00254[e],Mg,,Mg,2,,C00305,,,,
cpd00254[c],Mg,,Mg,2,,C00305,,,,
cpd11652[c],Phosphatidylglycerol,,C8H12O10PR2,-1,,C00344,,,,
cpd12801[c],Cardiolipin,,C13H16O17P2R4,-2,,C05980,,,,
cpd00011[e],CO2,,CO2,0,,C00011,,,,
cpd00149[c],Co2+,,Co,2,,C00175,,,,
cpd00149[e],Co2+,,Co,2,,C00175,,,,
cpd02083[c],CoproporphyrinogenIII,,C36H40N4O8,-4,,C03263,,,,
cpd00791[c],ProtoporphyrinogenIX,,C34H38N4O4,-2,,C01079,,,,
cpd17016[c],ferrodoxin (oxidized form 4:2),,Fe8S8X,NaN,,,,,,
cpd03091[c],5'-Deoxyadenosine,,C10H13N5O3,0,,C05198,,,,
cpd17017[c],ferrodoxin (reduced form 4:2),,Fe8S8X,NaN,,,,,,
cpd00266[e],Carnitine,,C7H15NO3,0,,C00318|C00487,,,,
cpd00266[c],Carnitine,,C7H15NO3,0,,C00318|C00487,,,,
cpd00307[c],Cytosine,,C4H5N3O,0,,C00380,,,,
cpd00092[c],Uracil,,C4H4N2O2,0,,C00106,,,,
cpd00307[e],Cytosine,,C4H5N3O,0,,C00380,,,,
cpd00062[c],UTP,,C9H12N2O15P3,-3,,C00075,,,,
cpd00052[c],CTP,,C9H13N3O14P3,-3,,C00063,,,,
cpd03803[c],Carboxyphosphonoenolpyruvate,,C4H2O7P,-3,,C06367,,,,
cpd11640[c],H2,,H2,0,,C00282,,,,
cpd03804[c],(Hydroxyphosphinyl)pyruvate,,C3H3O5P,-2,,C06368,,,,
cpd00110[c],Cytochrome c2+,,C42H52FeN8O6S2,4,,C01071|C00126,,,,
cpd00109[c],Cytochrome c3+,,C42H52FeN8O6S2,5,,C01070|C00125,,,,
cpd01015[c],Cyanate,,CNO,-1,,C01417,,,,
cpd00722[c],O-Acetyl-L-serine,,C5H9NO4,0,,C00979,,,,
cpd00084[c],L-Cysteine,,C3H7NO2S,0,,C00097,,,,
cpd00424[c],Cystathionine,,C7H14N2O4S,0,,C00542|C02291,,,,
cpd00381[e],L-Cystine,,C6H12N2O4S2,0,,C00491,,,,
cpd00381[c],L-Cystine,,C6H12N2O4S2,0,,C00491,,,,
cpd00084[e],L-Cysteine,,C3H7NO2S,0,,C00097,,,,
cpd00096[c],CDP,,C9H13N3O11P2,-2,,C00112,,,,
cpd00206[c],dCMP,,C9H13N3O7P,-1,,C00239,,,,
cpd00533[c],dCDP,,C9H13N3O10P2,-2,,C00705,,,,
cpd00058[c],Cu2+,,Cu,2,,C00070,,,,
cpd00058[e],Cu2+,,Cu,2,,C00070,,,,
cpd03091[e],5'-Deoxyadenosine,,C10H13N5O3,0,,C05198,,,,
cpd00438[c],Deoxyadenosine,,C10H13N5O3,0,,C00559,,,,
cpd03279[c],Deoxyinosine,,C10H12N4O4,0,,C05512,,,,
cpd00294[c],dAMP,,C10H13N5O6P,-1,,C00360,,,,
cpd00177[c],dADP,,C10H13N5O9P2,-2,,C00206,,,,
cpd11423[c],"1,2-Diacyl-sn-glycerol",,C5H6O5R2,0,,C00165|C00641,,,,
cpd00061[c],Phosphoenolpyruvate,,C3H3O6P,-2,,C00074,,,,
cpd00236[c],D-Erythrose4-phosphate,,C4H8O7P,-1,,C00279,,,,
cpd02857[c],DAHP,,C7H11O10P,-2,,C04691,,,,
cpd03691[c],Piperideine,,C5H10N,1,,C06181,,,,
cpd00516[c],"meso-2,6-Diaminopimelate",,C7H14N2O4,0,,C00680,,,,
cpd00039[c],L-Lysine,,C6H15N2O2,1,,C00047|C16440,,,,
cpd00504[c],"LL-2,6-Diaminopimelate",,C7H14N2O4,0,,C00666,,,,
cpd00356[c],dCTP,,C9H13N3O13P3,-3,,C00458,,,,
cpd00358[c],dUTP,,C9H12N2O14P3,-3,,C00460,,,,
cpd11469[c],(2E)-Dodecenoyl-[acp],,C23H41N2O8PRS,-1,,C05758,,,,
cpd11475[c],(2E)-Decenoyl-[acp],,C21H37N2O8PRS,-1,,C05754,,,,
cpd11474[c],Decanoyl-ACP,,C21H39N2O8PRS,-1,,C05755,,,,
cpd00296[c],dGMP,,C10H13N5O7P,-1,,C00362,,,,
cpd00295[c],dGDP,,C10H13N5O10P2,-2,,C00361,,,,
cpd00241[c],dGTP,,C10H13N5O13P3,-3,,C00286,,,,
cpd00277[c],Deoxyguanosine,,C10H13N5O4,0,,C00330,,,,
cpd00421[c],Triphosphate,,HO10P3,-4,,C00536,,,,
cpd00123[c],3-Methyl-2-oxobutanoate,,C5H7O3,-1,,C00141,,,,
cpd02535[c],"2,3-Dihydroxy-3-methylvalerate",,C6H11O4,-1,,C04104|C06007,,,,
cpd03577[c],(R)-2-Oxo-3-methylpentanoate,,C6H9O3,-1,,C06008,,,,
cpd00168[c],"2,3-Dihydroxybenzoate",,C7H5O4,-1,,C00196,,,,
cpd02494[c],"(2,3-Dihydroxybenzoyl)adenylate",,C17H17N5O10P,-1,,C04030,,,,
cpd02465[c],tetrahydrodipicolinate,,C7H7NO4,-2,,C03972,,,,
cpd02120[c],Dihydrodipicolinate,,C7H5NO4,-2,,C03340,,,,
cpd00330[c],Dihydrofolate,,C19H19N7O6,-2,,C00415,,,,
cpd00683[c],Dihydropteroate,,C14H13N6O3,-1,,C00921,,,,
cpd00896[c],6-Phospho-2-dehydro-D-gluconate,,C6H9O10P,-2,,C01218,,,,
cpd17077[c],"trans-2,3-dihydro-3-hydroxyanthranilic acid",,C7H8O3N,0,,,,,,
cpd00954[c],6-hydroxymethyl dihydropterin,,C7H9N5O2,0,,C01300,,,,
cpd00247[c],Orotate,,C5H3N2O4,-1,,C00295,,,,
cpd00282[c],S-Dihydroorotate,,C5H5N2O4,-1,,C00337,,,,
cpd00957[c],"2,5-Diamino-6-(5'-phosphoribosylamino)-4-pyrimidineone",,C9H15N5O8P,-1,,C01304,,,,
cpd02920[c],"7,8-Dihydropterin pyrophosphate",,C7H9N5O8P2,-2,,C04807,,,,
cpd00699[c],5-Dehydroquinate,,C7H9O6,-1,,C00944,,,,
cpd01716[c],3-Dehydroshikimate,,C7H7O5,-1,,C02637,,,,
cpd01155[c],Cadaverine,,C5H16N2,2,,C01672,,,,
cpd00337[c],Hydrouracil,,C4H6N2O2,0,,C00429,,,,
cpd01720[c],3-Ureidopropanoate,,C4H7N2O3,-1,,C02642,,,,
cpd11255[c],"1,2-dihydroxy-3-keto-5-methylthiopentene",,C6H9O3S,-1,,C15606,,,,
cpd00869[c],4-methylthio 2-oxobutyrate,,C5H7O3S,-1,,C01180,,,,
cpd00204[c],CO,,CHO,1,,C00237,,,,
cpd05191[c],3-Methylthiopropionate,,C4H7O2S,-1,,C08276,,,,
cpd00113[c],Isopentenyldiphosphate,,C5H10O7P2,-2,,C00129,,,,
cpd00283[c],Geranyldiphosphate,,C10H18O7P2,-2,,C00341,,,,
cpd00875[c],KDO,,C8H13O8,-1,,C01187,,,,
cpd02546[c],CMP-KDO,,C17H24N3O15P,-2,,C04121,,,,
cpd15360[c],"2-Octaprenyl-3-methyl-5-hydroxy-6-methoxy-1,4-benzoquinol",,C48H74O4,0,,,,,,
cpd00655[c],Dephospho-CoA,,C21H33N7O13P2S,-2,,C00882,,,,
cpd00408[c],Pantoate,,C6H11O4,-1,,C00522,,,,
cpd00712[c],2-Dehydropantoate,,C6H9O4,-1,,C00966,,,,
cpd00298[c],dTMP,,C10H14N2O8P,-1,,C00364,,,,
cpd00297[c],dTDP,,C10H14N2O11P2,-2,,C00363,,,,
cpd00299[c],dUMP,,C9H12N2O8P,-1,,C00365,,,,
cpd00102[c],Glyceraldehyde3-phosphate,,C3H6O6P,-1,,C00118|C00661,,,,
cpd08289[c],1-deoxy-D-xylulose5-phosphate,,C5H10O7P,-1,,C11437,,,,
cpd02147[c],4-Phosphoerythronate,,C4H7O8P,-2,,C03393,,,,
cpd02691[c],2-methyl-3-hydroxy-butyryl-CoA,,C26H41N7O18P3S,-3,,C04405,,,,
cpd11718[c],(S)-3-Hydroxyacyl-CoA,,C24H36N7O18P3RS,-3,,C00640,,,,
cpd11722[c],trans-2-Enoyl-CoA,,C24H34N7O17P3RS,-3,,C00658,,,,
cpd02711[c],2-Keto-3-deoxy-6-phosphogluconate,,C6H9O9P,-2,,C04442,,,,
cpd00482[c],2-Phospho-D-glycerate,,C3H5O7P,-2,,C00631,,,,
cpd11295[c],"2,3-diketo5-methylthio-1-phosphopentane",,C6H10O6PS,-1,,C15650,,,,
cpd03452[c],(L-Seryl)adenylate,,C13H19N6O9P,0,,C05820,,,,
cpd03453[c],Enterobactin,,C30H27N3O15,0,,C05821,,,,
cpd00162[c],Aminoethanol,,C2H8NO,1,,C00189,,,,
cpd11579[e],ethanesulfonate,,C2H5O3S,-1,,,,,,
cpd11579[c],ethanesulfonate,,C2H5O3S,-1,,,,,,
cpd00363[e],Ethanol,,C2H6O,0,,C00469,,,,
cpd00802[c],D-fructose-1-phosphate,,C6H12O9P,-1,,C01094|C02976,,,,
cpd00290[c],"D-fructose-1,6-bisphosphate",,C6H12O12P2,-2,,C00354|C05378,,,,
cpd03847[e],Myristic acid,,C14H27O2,-1,,C06424,,,,
cpd01695[c],Myristoyl-CoA,,C35H59N7O17P3S,-3,,C02593,,,,
cpd00214[e],Palmitate,,C16H31O2,-1,,C00249,,,,
cpd00134[c],Palmitoyl-CoA,,C37H63N7O17P3S,-3,,C00154,,,,
cpd00072[c],D-fructose-6-phosphate,,C6H12O9P,-1,,C05345|C00085,,,,
cpd00806[c],L-Fuculose1-phosphate,,C6H12O8P,-1,,C01099,,,,
cpd00334[c],L-Lactaldehyde,,C3H6O2,0,,C00424,,,,
cpd00021[c],Fe2+,,Fe,0,,C00023,,,,
cpd01476[c],Protoporphyrin,,C34H32N4O4,-2,,C02191,,,,
cpd00028[c],Heme,,C34H30FeN4O4,-2,,C00032,,,,
cpd00021[e],Fe2+,,Fe,0,,C00023,,,,
cpd10516[e],fe3,,Fe,3,,C14819,,,,
cpd10516[c],fe3,,Fe,3,,C14819,,,,
cpd03726[e],Fe-enterochlin,,C30H27FeN3O15,0,,C06230,,,,
cpd03726[c],Fe-enterochlin,,C30H27FeN3O15,0,,C06230,,,,
cpd03724[e],Ferrichrome,,C27H45FeN9O12,0,,C06228,,,,
cpd03724[c],Ferrichrome,,C27H45FeN9O12,0,,C06228,,,,
cpd00378[c],Formamide,,CH3NO,0,,C00488,,,,
cpd00344[c],N-Formimino-L-glutamate,,C6H9N2O4,-1,,C00439,,,,
cpd01749[c],N-Formylkynurenine,,C11H12N2O4,0,,C02700,,,,
cpd00275[c],L-Kynurenine,,C10H12N2O3,0,,C00328,,,,
cpd02012[c],N-Formyl-L-methionine,,C6H10NO3S,-1,,C03145,,,,
cpd02012[e],N-Formyl-L-methionine,,C6H10NO3S,-1,,C03145,,,,
cpd00050[c],FMN,,C17H20N4O9P,-1,,C00061,,,,
cpd00770[c],N-Formyl-L-glutamate,,C6H7NO5,-2,,C01045,,,,
cpd00082[c],D-Fructose,,C6H12O6,0,,C10906|C01496|C00095|C02336,,,,
cpd00082[e],D-Fructose,,C6H12O6,0,,C10906|C01496|C00095|C02336,,,,
cpd00286[c],Undecaprenylphosphate,,C55H90O4P,-1,,C17556|C00348,,,,
cpd17092[c],UDP-N-acetyl fucosamine,,C17H25N3O16P2,0,,,,,,
cpd00091[c],UMP,,C9H12N2O9P,-1,,C00105,,,,
cpd17098[c],Fuc2NAc-PP-Undecaprenyl,,C63H103O11N1P2,0,,,,,,
cpd00130[c],L-Malate,,C4H4O5,-2,,C00711|C00149,,,,
cpd00780[c],Fumarylacetoacetate,,C8H6O6,-2,,C01061,,,,
cpd00106[e],Fumarate,,C4H2O4,-2,,C00122,,,,
cpd00027[e],D-Glucose,,C6H12O6,0,,C00267|C00293|C00031,,,,
cpd00170[e],Gluconolactone,,C6H10O6,0,,C00198|C16581|C16830,,,,
cpd03671[c],D-Glucosamine1-phosphate,,C6H14NO8P,0,,C06156,,,,
cpd02611[c],N-Acetyl-D-glucosamine1-phosphate,,C8H15NO9P,-1,,C04501|C04256,,,,
cpd00089[c],Glucose-1-phosphate,,C6H12O9P,-1,,C00103,,,,
cpd00357[c],TTP,,C10H14N2O14P3,-3,,C00459,,,,
cpd00626[c],dTDPglucose,,C16H24N2O16P2,-2,,C00842,,,,
cpd00338[c],5-Aminolevulinate,,C5H9NO3,0,,C00430,,,,
cpd02345[c],L-Glutamate1-semialdehyde,,C5H9NO3,0,,C03741,,,,
cpd00858[c],L-Glutamate5-semialdehyde,,C5H9NO3,0,,C01165,,,,
cpd02431[c],1-Pyrroline-5-carboxylate,,C5H6NO2,-1,,C03912,,,,
cpd02097[c],L-Glutamyl 5-phosphate,,C5H9NO7P,-1,,C03287,,,,
cpd00079[c],D-glucose-6-phosphate,,C6H12O9P,-1,,C00668|C00092,,,,
cpd00911[c],6-phospho-D-glucono-1-5-lactone,,C6H10O9P,-1,,C01236,,,,
cpd00863[c],beta-D-Glucose 6-phosphate,,C6H12O9P,-1,,C01172,,,,
cpd00203[c],"1,3-Bisphospho-D-glycerate",,C3H6O10P2,-2,,C00236,,,,
cpd00169[c],3-Phosphoglycerate,,C3H5O7P,-2,,C00197|C00597,,,,
cpd02394[c],GAR,,C7H15N2O8P,0,,C03838,,,,
cpd02678[c],N-Formyl-GAR,,C8H14N2O9P,-1,,C04376,,,,
cpd00870[e],gamma-butyrobetaine,,C7H15NO2,0,,C01181,,,,
cpd00870[c],gamma-butyrobetaine,,C7H15NO2,0,,C01181,,,,
cpd00229[e],Glycolaldehyde,,C2H4O2,0,,C00266,,,,
cpd00905[c],"Guanosine 3',5'-bis(diphosphate)",,C10H13N5O17P4,-4,,C01228,,,,
cpd00900[c],GDP-4-dehydro-D-rhamnose,,C16H21N5O15P2,-2,,C01222,,,,
cpd01999[c],GDP-D-rhamnose,,C16H23N5O15P2,-2,,C03117,,,,
cpd00033[c],Glycine,,C2H5NO2,0,,C00037,,,,
cpd00125[c],5-10-Methylenetetrahydrofolate,,C20H21N7O6,-2,,C00143,,,,
cpd00126[c],GMP,,C10H13N5O8P,-1,,C00144,,,,
cpd00037[c],UDP-N-acetylglucosamine,,C17H25N3O17P2,-2,,C00043,,,,
cpd00946[c],Undecaprenyl diphospho N-acetyl-glucosamine,,C63H103NO12P2,-2,,C01289,,,,
cpd00222[c],GLCN,,C6H11O7,-1,,C00257,,,,
cpd00155[c],Glycogen,,C30H52O26,0,,C00182,,,,
cpd00387[c],ADPglucose,,C16H23N5O15P2,-2,,C00498,,,,
cpd00027[c],D-Glucose,,C6H12O6,0,,C00267|C00293|C00031,,,,
cpd00053[e],L-Glutamine,,C5H10N2O3,0,,C00064,,,,
cpd00413[c],Glutaryl-CoA,,C26H38N7O19P3S,-4,,C00527,,,,
cpd00186[e],D-Glutamate,,C5H8NO4,-1,,C00217,,,,
cpd00186[c],D-Glutamate,,C5H8NO4,-1,,C00217,,,,
cpd00506[c],gamma-Glutamylcysteine,,C8H13N2O5S,-1,,C00669,,,,
cpd01982[c],5-Phosphoribosylamine,,C5H12NO7P,0,,C03090,,,,
cpd00379[c],Glutarate,,C5H6O4,-2,,C00489,,,,
cpd00379[e],Glutarate,,C5H6O4,-2,,C00489,,,,
cpd12227[c],L-Glutamyl-tRNA-Glu,,C15H19N6O6R,0,,C02987,,,,
cpd11912[c],tRNA-Glu,,C10H12N5O3R,0,,C01641,,,,
cpd00023[e],L-Glutamate,,C5H8NO4,-1,,C00025|C00302,,,,
cpd00040[c],Glyoxalate,,C2HO3,-1,,C00048,,,,
cpd00843[c],Tartronate semialdehyde,,C3H3O4,-1,,C01146,,,,
cpd00756[c],Dimethylglycine,,C4H9NO2,0,,C01026,,,,
cpd00540[e],BET,,C5H11NO2,0,,C00719,,,,
cpd00080[e],Glycerol-3-phosphate,,C3H8O6P,-1,,C00623|C00093,,,,
cpd00009[e],Phosphate,,HO4P,-2,,C00009,,,,
cpd00223[c],Glycerate,,C3H5O4,-1,,C00258,,,,
cpd00100[e],Glycerol,,C3H8O3,0,,C00116,,,,
cpd00145[c],Hydroxypyruvate,,C3H3O4,-1,,C00168,,,,
cpd00183[c],Sarcosine,,C3H7NO2,0,,C00213,,,,
cpd00187[c],Methanamine,,CH6N,1,,C00218,,,,
cpd00033[e],Glycine,,C2H5NO2,0,,C00037,,,,
cpd04920[c],D-Glycero-D-manno-heptose1-phosphate,,C7H14O10P,-1,,C07838,,,,
cpd03830[c],ADP-D-glycero-D-manno-heptose,,C17H25N5O16P2,-2,,C06397,,,,
cpd04918[c],D-Glycero-D-manno-heptose7-phosphate,,C7H14O10P,-1,,C07836,,,,
cpd08316[c],D-Glycero-D-manno-heptose1-7-bisphosphate,,C7H14O13P2,-2,,C11472,,,,
cpd00497[c],XMP,,C10H12N4O9P,-1,,C00655,,,,
cpd00284[c],6-Phospho-D-gluconate,,C6H11O10P,-2,,C00345,,,,
cpd00507[c],Glycerophosphocholine,,C8H20NO6P,0,,C00670,,,,
cpd00908[c],Glycerophosphoethanolamine,,C5H14NO6P,0,,C01233,,,,
cpd00350[c],Farnesyldiphosphate,,C15H26O7P2,-2,,C00448,,,,
cpd00042[c],GSH,,C10H16N3O6S,-1,,C00051,,,,
cpd00111[c],Oxidized glutathione,,C20H30N6O12S2,-2,,C00127,,,,
cpd02740[c],"Guanosine 5'-triphosphate,3'-diphosphate",,C10H13N5O20P5,-5,,C04494,,,,
cpd00762[c],4-Guanidinobutanoate,,C5H11N3O2,0,,C01035,,,,
cpd00207[c],Guanine,,C5H5N5O,0,,C00242,,,,
cpd00309[c],XAN,,C5H4N4O2,0,,C00385,,,,
cpd00001[e],H2O,,H2O,0,,C00001|C01328,,,,
cpd11478[c],(R)-3-Hydroxybutanoyl-[acyl-carrier protein],,C15H27N2O9PRS,-1,,C04618,,,,
cpd02557[c],Farnesylfarnesylgeraniol,,C40H66O7P2,-2,,C04146,,,,
cpd03443[c],3-Octaprenyl-4-hydroxybenzoate,,C47H69O3,-1,,C05809,,,,
cpd11480[c],D-3-Hydroxydodecanoyl-[acp],,C23H43N2O9PRS,-1,,C05757,,,,
cpd11489[c],3-oxododecanoyl-acp,,C23H41N2O9PRS,-1,,C05756,,,,
cpd11482[c],(R)-3-Hydroxydecanoyl-[acyl-carrier protein],,C21H39N2O9PRS,-1,,C04619,,,,
cpd11487[c],3-oxodecanoyl-acp,,C21H37N2O9PRS,-1,,C05753,,,,
cpd11473[c],(2E)-Hexenoyl-[acp],,C17H29N2O8PRS,-1,,C05748,,,,
cpd11472[c],Hexanoyl-ACP,,C17H31N2O8PRS,-1,,C05749,,,,
cpd11313[c],hemeO,,C49H56FeN4O5,-2,,C15672,,,,
cpd11578[e],hexanesulfonate,,C6H13O3S,-1,,,,,,
cpd11578[c],hexanesulfonate,,C6H13O3S,-1,,,,,,
cpd03913[c],Hydrogenobyrinate diamide,,C45H58N6O12,-4,,C06503,,,,
cpd03914[c],Cob(II)yrinate diamide,,C45H57CoN6O12,-3,,C06504,,,,
cpd03832[c],Hydrogenobyrinate,,C45H54N4O14,-6,,C06399,,,,
cpd00426[c],Homogentisate,,C8H7O4,-1,,C00544,,,,
cpd00763[c],4-Maleylacetoacetate,,C8H6O6,-2,,C01036,,,,
cpd11481[c],R-3-hydroxypalmitoyl-acyl-carrierprotein-,,C27H51N2O9PRS,-1,,C04633,,,,
cpd11485[c],3-oxohexadecanoyl-acp,,C27H49N2O9PRS,-1,,C05762,,,,
cpd17078[c],2-heptyl-4-quinolone,,C16H21ON,0,,,,,,
cpd11479[c],D-3-Hydroxyhexanoyl-[acp],,C17H31N2O9PRS,-1,,C05747,,,,
cpd11486[c],3-Oxohexanoyl-[acp],,C17H29N2O9PRS,-1,,C05746,,,,
cpd00876[c],3-Hydroxyisobutyrate,,C4H7O3,-1,,C06001|C01188,,,,
cpd00287[c],3-Oxo-2-methylpropanoate,,C4H5O3,-1,,C00349|C06002,,,,
cpd00119[c],L-Histidine,,C6H9N3O2,0,,C00135,,,,
cpd00581[c],Urocanate,,C6H5N2O2,-1,,C00785,,,,
cpd00581[e],Urocanate,,C6H5N2O2,-1,,C00785,,,,
cpd00641[c],L-Histidinol,,C6H12N3O,1,,C00860,,,,
cpd00807[c],L-histidinol-phosphate,,C6H12N3O4P,0,,C01100,,,,
cpd11914[c],tRNA(His),,C10H12N5O3R,0,,C01643,,,,
cpd12228[c],L-Histidyl-tRNA(His),,C16H20N8O4R,1,,C02988,,,,
cpd00119[e],L-Histidine,,C6H9N3O2,0,,C00135,,,,
cpd00205[e],K+,,K,1,,C00238,,,,
cpd00205[c],K+,,K,1,,C00238,,,,
cpd00689[c],Porphobilinogen,,C10H13N2O4,-1,,C00931,,,,
cpd00755[c],Hydroxymethylbilane,,C40H38N4O17,-8,,C01024,,,,
cpd00292[c],HMG-CoA,,C27H40N7O20P3S,-4,,C00356,,,,
cpd02775[c],4-Amino-5-phosphomethyl-2-methylpyrimidine,,C6H9N3O4P,-1,,C04556,,,,
cpd11483[c],(R)-3-Hydroxyoctanoyl-[acyl-carrier protein],,C19H35N2O9PRS,-1,,C04620,,,,
cpd11471[c],(2E)-Octenoyl-[acp],,C19H33N2O8PRS,-1,,C05751,,,,
cpd11490[c],3-oxooctanoyl-acp,,C19H33N2O9PRS,-1,,C05750,,,,
cpd17051[c],(3R)-3-Hydroxyoctadecanoyl-[acyl-carrier protein],,C18H35O2X,0,,,,,,
cpd14938[c],3-Oxostearoyl-[acp],,C18H33O2RS,0,,C16219,,,,
cpd00233[c],Tetrahydrobiopterin,,C9H15N5O3,0,,C00272,,,,
cpd00868[c],p-hydroxyphenylpyruvate,,C9H7O4,-1,,C01179,,,,
cpd00227[c],L-Homoserine,,C4H9NO3,0,,C00263,,,,
cpd00809[c],O-Phospho-L-homoserine,,C4H9NO6P,-1,,C01102,,,,
cpd00822[c],O-Succinyl-L-homoserine,,C8H12NO6,-1,,C01118,,,,
cpd00930[c],imidazole acetol-phosphate,,C6H8N2O5P,-1,,C01267,,,,
cpd11484[c],HMA,,C25H47N2O9PRS,-1,,C04688,,,,
cpd15294[c],Tetradecenoyl-ACP,,C25H45N2O8PRS,-1,,,,,,
cpd11491[c],3-oxotetradecanoyl-acp,,C25H45N2O9PRS,-1,,C05759,,,,
cpd00658[c],Isochorismate,,C10H8O6,-2,,C00885,,,,
cpd02566[c],"2,3-Dihydroxy-2,3-dihydrobenzoate",,C7H7O4,-1,,C04171,,,,
cpd00036[c],Succinate,,C4H4O4,-2,,C00042,,,,
cpd02991[c],phosphoribulosylformimino-AICAR-phosphate,,C15H23N5O15P2,-2,,C04916,,,,
cpd02843[c],D-erythro-imidazol-glycerol-phosphate,,C6H10N2O6P,-1,,C04666,,,,
cpd00956[c],1-(2-carboxyphenylamino)-1-deoxyribulose 5-phosphate,,C12H14NO9P,-2,,C01302|C10528,,,,
cpd02210[c],Indoleglycerol phosphate,,C11H13NO6P,-1,,C03506,,,,
cpd00322[c],L-Isoleucine,,C6H13NO2,0,,C00407,,,,
cpd00508[c],3MOP,,C6H9O3,-1,,C03465|C00671,,,,
cpd00322[e],L-Isoleucine,,C6H13NO2,0,,C00407,,,,
cpd02693[c],3-Isopropylmalate,,C7H10O5,-2,,C04411,,,,
cpd00200[c],4MOP,,C6H9O3,-1,,C00233,,,,
cpd01710[c],2-Isopropylmaleate,,C7H8O4,-2,,C02631,,,,
cpd01646[c],2-Isopropylmalate,,C7H10O5,-2,,C02504,,,,
cpd02311[c],4-Imidazolone-5-propanoate,,C6H7N2O3,-1,,C03680,,,,
cpd00161[c],L-Threonine,,C4H9NO3,0,,C00188,,,,
cpd02730[c],3-Deoxy-D-manno-octulosonate8-phosphate,,C8H13O11P,-2,,C04478,,,,
cpd00159[c],L-Lactate,,C3H5O3,-1,,C00186,,,,
cpd00159[e],L-Lactate,,C3H5O3,-1,,C00186,,,,
cpd00221[c],D-Lactate,,C3H5O3,-1,,C00256,,,,
cpd00107[c],L-Leucine,,C6H13NO2,0,,C00123,,,,
cpd11916[c],tRNA(Leu),,C10H12N5O3R,0,,C01645,,,,
cpd12003[c],L-Leucyl-tRNA,,C16H24N6O4R,1,,C02047,,,,
cpd00107[e],L-Leucine,,C6H13NO2,0,,C00123,,,,
cpd02182[c],(R)-S-Lactoylglutathione,,C13H20N3O8S,-1,,C03451,,,,
cpd00428[c],2-Oxopropanal,,C3H4O2,0,,C00546,,,,
cpd00039[e],L-Lysine,,C6H15N2O2,1,,C00047|C16440,,,,
cpd00491[c],D-mannitol-1-phosphate,,C6H14O9P,-1,,C00644,,,,
cpd00308[c],Malonate,,C3H2O4,-2,,C00383,,,,
cpd00308[e],Malonate,,C3H2O4,-2,,C00383,,,,
cpd00386[e],D-Malate,,C4H4O5,-2,,C00497,,,,
cpd00386[c],D-Malate,,C4H4O5,-2,,C00497,,,,
cpd00130[e],L-Malate,,C4H4O5,-2,,C00711|C00149,,,,
cpd00485[c],D-Mannose1-phosphate,,C6H12O9P,-1,,C00636,,,,
cpd00235[c],D-mannose-6-phosphate,,C6H12O9P,-1,,C00275,,,,
cpd00138[e],D-Mannose,,C6H12O6,0,,C00936|C00159,,,,
cpd00138[c],D-Mannose,,C6H12O6,0,,C00936|C00159,,,,
cpd02068[c],3-Methylglutaconyl-CoA,,C27H38N7O19P3S,-4,,C03231,,,,
cpd11470[c],Octanoyl-ACP,,C19H35N2O8PRS,-1,,C05752,,,,
cpd02791[c],methylthioribulose-1-phosphate,,C6H12O7PS,-1,,C04582,,,,
cpd08301[c],2-C-methyl-D-erythritol2-4-cyclodiphosphate,,C5H10O9P2,-2,,C11453,,,,
cpd08286[c],2-C-methyl-D-erythritol4-phosphate,,C5H12O7P,-1,,C11434,,,,
cpd00637[e],D-Methionine,,C5H11NO2S,0,,C00855,,,,
cpd00637[c],D-Methionine,,C5H11NO2S,0,,C00855,,,,
cpd00345[c],5-Methyltetrahydrofolate,,C20H23N7O6,-2,,C00440,,,,
cpd11420[c],trdox,,C6H7NO2R2S2,0,,C00343,,,,
cpd01914[c],L-Methionine S-oxide,,C5H11NO3S,0,,C02989,,,,
cpd11421[c],trdrd,,C6H9NO2R2S2,0,,C00342,,,,
cpd11918[c],tRNA(Met),,C10H12N5O3R,0,,C01647,,,,
cpd12105[c],L-Methionyl-tRNA,,C15H22N6O4RS,1,,C02430,,,,
cpd00060[e],L-Methionine,,C5H11NO2S,0,,C00073|C01733,,,,
cpd17093[c],UDP-N-acetyl-D-mannosamine (2NAc(CH3C=NH)) acid,,C17H27O17N4P2,0,,,,,,
cpd17099[c],"Man(2NAc3NAc)A-(beta1,3)-Fuc2NAc-PP-Undecaprenyl",,C71H119O19N3P3,0,,,,,,
cpd00891[c],L-methylmalonyl-CoA,,C25H36N7O19P3S,-4,,C01213,,,,
cpd00519[c],D-methylmalonyl-CoA,,C25H36N7O19P3S,-4,,C00683,,,,
cpd17095[c],UDP-N-acetyl-D-manosamine (2NAc3NAc) acid,,C19H29O18N4P2,0,,,,,,
cpd17100[c],"Man(2NAc3N)(3,-CH3C=NH)A-(beta1,4)-Man(2NAc3NAc)A-(beta1,3)-Fuc2NAc-PP-Undecaprenyl",,C81H137O28N5P4,0,,,,,,
cpd00314[c],D-Mannitol,,C6H14O6,0,,C00392,,,,
cpd00314[e],D-Mannitol,,C6H14O6,0,,C00392,,,,
cpd00030[e],Mn2+,,Mn,2,,C00034,,,,
cpd00030[c],Mn2+,,Mn,2,,C00034,,,,
cpd11574[e],Molybdate,,H2MoO4,0,,C06232,,,,
cpd11574[c],Molybdate,,H2MoO4,0,,C06232,,,,
cpd08023[e],methanesulfonate,,CH3O3S,-1,,C11145,,,,
cpd08023[c],methanesulfonate,,CH3O3S,-1,,C11145,,,,
cpd02574[c],methylthioribose-1-phosphate,,C6H12O7PS,-1,,C04188,,,,
cpd00347[c],5-10-Methenyltetrahydrofolate,,C20H20N7O6,-1,,C00445,,,,
cpd02738[c],5-Methyltetrahydropteroyltri-L-glutamate,,C30H35N9O12,-4,,C04489,,,,
cpd02555[c],Tetrahydropteroyltri-L-glutamate,,C29H33N9O12,-4,,C04144,,,,
cpd01630[e],"cis,cis-Muconate",,C6H4O4,-2,,C02480,,,,
cpd00528[e],N2,,N2,0,,C00697,,,,
cpd00528[c],N2,,N2,0,,C00697,,,,
cpd00638[c],Deamido-NAD,,C21H24N6O15P2,-2,,C00857,,,,
cpd08325[c],NAC,,C17H18N2O2,0,,C11486,,,,
cpd00873[c],Nicotinate ribonucleotide,,C11H13NO9P,-1,,C01185,,,,
cpd00014[c],UDP,,C9H12N2O12P2,-2,,C00015,,,,
cpd00978[c],dUDP,,C9H12N2O11P2,-2,,C01346,,,,
cpd00115[c],dATP,,C10H13N5O12P3,-3,,C00131,,,,
cpd00013[e],NH3,,H4N,1,,C01342|C00014,,,,
cpd00418[c],NO,,NO,0,,C00533,,,,
cpd00244[e],Ni2+,,Ni,2,,C00291,,,,
cpd00244[c],Ni2+,,Ni,2,,C00291,,,,
cpd00355[c],Nicotinamide ribonucleotide,,C11H15N2O8P,0,,C00455,,,,
cpd02904[c],alpha-Ribazole 5'-phosphate,,C14H18N2O7P,-1,,C04778,,,,
cpd01997[c],Dimethylbenzimidazole,,C9H10N2,0,,C03114,,,,
cpd00075[e],Nitrite,,NO2,-1,,C00088,,,,
cpd00209[c],Nitrate,,NO3,-1,,C00244,,,,
cpd00209[e],Nitrate,,NO3,-1,,C00244,,,,
cpd00659[c],Nitrous oxide,,HN2O,1,,C00887,,,,
cpd02021[c],Succinylbenzoyl-CoA,,C32H40N7O20P3S,-4,,C03160,,,,
cpd02295[c],1-4-Dihydroxy-2-naphthoate,,C11H7O4,-1,,C03657,,,,
cpd00412[c],Deoxyuridine,,C9H12N2O5,0,,C00526,,,,
cpd01217[c],Xanthosine,,C10H12N4O6,0,,C01762,,,,
cpd00249[c],Uridine,,C9H12N2O6,0,,C00299,,,,
cpd00654[c],Deoxycytidine,,C9H13N3O4,0,,C00881,,,,
cpd00367[c],Cytidine,,C9H13N3O5,0,,C00475,,,,
cpd00184[c],Thymidine,,C10H14N2O5,0,,C00214,,,,
cpd00311[c],Guanosine,,C10H13N5O5,0,,C00387,,,,
cpd00007[e],O2,,O2,0,,C00007,,,,
cpd00213[c],Lipoamide,,C8H15NOS2,0,,C15972|C00248,,,,
cpd15901[e],2-oxohexanedioic acid,,C6H6O5,-2,,,,,,
cpd15901[c],2-oxohexanedioic acid,,C6H6O5,-2,,,,,,
cpd03606[c],2-Oxo-3-hydroxy-4-phosphobutanoate,,C4H5O8P,-2,,C06054,,,,
cpd03445[c],2-Octaprenyl-6-hydroxyphenol,,C46H70O2,0,,C05811,,,,
cpd03446[c],2-Octaprenyl-6-methoxyphenol,,C47H72O2,0,,C05812,,,,
cpd15359[c],"2-Octaprenyl-6-methoxy-1,4-benzoquinol",,C47H72O3,0,,,,,,
cpd15361[c],"2-Octaprenyl3-methyl-6-methoxy- 1,4-benzoquinol",,C48H74O3,0,,,,,,
cpd00810[c],Orotidylic acid,,C10H11N2O11P,-2,,C01103,,,,
cpd03444[c],2-Octaprenylphenol,,C46H70O,0,,C05810,,,,
cpd00247[e],Orotate,,C5H3N2O4,-1,,C00295,,,,
cpd03420[c],Precorrin 3A,,C43H44N4O16,-6,,C05772,,,,
cpd03833[c],Precorrin 3B,,C43H44N4O17,-6,,C06406,,,,
cpd00129[c],L-Proline,,C5H8NO2,-1,,C00148,,,,
cpd00644[c],PAN,,C9H16NO5,-1,,C00864,,,,
cpd02968[c],UDP-N-acetylmuramoyl-L-alanyl-D-glutamyl-6-carboxy-L-lysyl-D-alanyl- D-alanine,,C41H61N9O28P2,-4,,C04882,,,,
cpd03494[c],Undecaprenyl-diphospho-N-acetylmuramoyl-L-alanyl-D-glutamyl-meso-2-6-diaminopimeloyl-D-alanyl-D-alanine,,C87H139N7O23P2,-4,,C05897,,,,
cpd17068[c],Pseudomonas aeruginosa Lipid A precursor,,C56H102N2O23P2,0,,,,,,
cpd17066[c],Pseudomonas aeruginosa Lipid A,,C80H146N2O25P2,0,,,,,,
cpd17069[c],Pseudomonas aeruginosa Lipid X,,C28H52NO12P,0,,,,,,
cpd17070[c],"UDP-2-NH-(3OH-C12:0),3-O-(3OH-C10:0)glucosamine",,C37H63N3O20P2,0,,,,,,
cpd17067[c],Pseudomonas Lipid A Disaccharide,,C56H103N2O20P,0,,,,,,
cpd17065[c],Pseudomonas aeruginosa LPS core + KDO2-lipidA,,C156H274N4O95P5,0,,,,,,
cpd02229[c],Bactoprenyl diphosphate,,C55H90O7P2,-2,,C04574,,,,
cpd17057[c],Pseudomonas aeruginosa B-band lipopolysaccharide,,C182H322O116N9P7,0,,,,,,
cpd17055[c],Pseudomonas aeruginosa KDO-lipidA,,C88H157N2O32P2,0,,,,,,
cpd17054[c],Pseudomonas aeruginosa KDO2-lipidA,,C96H168N2O39P2,0,,,,,,
cpd17072[c],UDP-3-O-(3OH-C10:0)-D-glucosamine,,C25H42N3O18P2,0,,,,,,
cpd17071[c],UDP-3-O-(3OH-C10:0)-N-acetylglucosamine,,C27H43N3O19P2,0,,,,,,
cpd03834[c],Precorrin 4,,C44H45N4O17,-7,,C06407,,,,
cpd03839[c],Precorrin 5,,C45H47N4O17,-7,,C06416,,,,
cpd01620[c],Precorrin 2,,C42H40N4O16,-8,,C02463,,,,
cpd03760[c],Precorrin 6B,,C44H49N4O16,-7,,C06319,,,,
cpd03761[c],Precorrin 6A,,C44H47N4O16,-7,,C06320,,,,
cpd03835[c],Precorrin 8,,C45H53N4O14,-7,,C06408,,,,
cpd00938[c],4-Carboxymuconolactone,,C7H4O6,-2,,C01278,,,,
cpd00856[c],"3-Carboxy-cis,cis-muconate",,C7H3O6,-3,,C01163,,,,
cpd00630[c],3-Oxoadipate,,C6H6O5,-2,,C00846,,,,
cpd00197[c],Protocatechuate,,C7H5O4,-1,,C00230,,,,
cpd00263[c],Pyridoxol,,C8H11NO3,0,,C00314,,,,
cpd00215[c],Pyridoxal,,C8H9NO3,0,,C00250,,,,
cpd00478[c],Pyridoxine phosphate,,C8H11NO6P,-1,,C00627,,,,
cpd11608[e],Peptide,,C4H6N2O3R2,0,,C00012,,,,
cpd11608[c],Peptide,,C4H6N2O3R2,0,,C00012,,,,
cpd00805[c],D-Tagatose 6-phosphate,,C6H12O9P,-1,,C01097,,,,
cpd02371[c],"D-Tagatose 1,6-biphosphate",,C6H12O12P2,-2,,C03785,,,,
cpd02069[c],3-Phosphonooxypyruvate,,C3H3O7P,-2,,C03232,,,,
cpd00727[c],2-Phosphoglycolate,,C2H3O6P,-2,,C00988,,,,
cpd00139[c],Glycolate,,C2H3O3,-1,,C00160,,,,
cpd03118[c],(S)-Hydroxydecanoyl-CoA,,C31H51N7O18P3S,-3,,C05264,,,,
cpd17084[c],phenazine-1-carboxamide,,C13H9ON3,0,,,,,,
cpd00066[c],L-Phenylalanine,,C9H11NO2,0,,C00079,,,,
cpd00069[c],L-Tyrosine,,C9H11NO3,0,,C00082|C01536,,,,
cpd00143[c],Phenylpyruvate,,C9H7O3,-1,,C00166,,,,
cpd00066[e],L-Phenylalanine,,C9H11NO2,0,,C00079,,,,
cpd02882[c],4--1-D-Ribitylamino-5-aminouracil,,C9H16N4O6,0,,C04732,,,,
cpd02894[c],4-Amino-2-methyl-5-diphosphomethylpyrimidine,,C6H9N3O7P2,-2,,C04752,,,,
cpd00105[c],D-Ribose,,C5H10O5,0,,C00121,,,,
cpd02201[c],4-phosphopantothenate,,C9H16NO8P,-2,,C03492,,,,
cpd02666[c],(R)-4'-Phosphopantothenoyl-L-cysteine,,C12H21N2O9PS,-2,,C04352,,,,
cpd00834[c],Phosphopantetheine,,C11H22N2O7PS,-1,,C01134,,,,
cpd04099[e],Phosphonate,,H2O3P,-1,,C06701,,,,
cpd04099[c],Phosphonate,,H2O3P,-1,,C06701,,,,
cpd03495[c],Undecaprenyl-diphospho-N-acetylmuramoyl--N-acetylglucosamine-L-ala-D-glu-meso-2-6-diaminopimeloyl-D-ala-D-ala,,C95H152N8O28P2,-4,,C05898,,,,
cpd15654[c],PeptidoglycansubunitofEscherichiacoli,,C40H62N8O21,-2,,,,,,
cpd17085[c],2-heptyl-3-hydroxy-4-quinolone,,C16H21O2N,0,,,,,,
cpd17085[e],2-heptyl-3-hydroxy-4-quinolone,,C16H21O2N,0,,,,,,
cpd02826[c],5'-Phosphoribosylformylglycinamidine,,C8H16N3O8P,0,,C04640,,,,
cpd01777[c],Phosphoribosyl-AMP,,C15H21N5O14P2,-2,,C02741,,,,
cpd02979[c],phosphoribosylformiminoaicar-phosphate,,C15H23N5O15P2,-2,,C04896,,,,
cpd07061[e],Stachydrine,,C7H13NO2,0,,C10172,,,,
cpd07061[c],Stachydrine,,C7H13NO2,0,,C10172,,,,
cpd00129[e],L-Proline,,C5H8NO2,-1,,C00148,,,,
cpd02030[c],3-phosphoshikimate,,C7H9O8P,-2,,C03175,,,,
cpd11456[c],Phosphatidylethanolamine,,C7H11NO8PR2,-1,,C00350,,,,
cpd00738[c],phosphoserine,,C3H7NO6P,-1,,C01005,,,,
cpd02315[c],6-Pyruvoyltetrahydropterin,,C9H11N5O3,0,,C03684,,,,
cpd00118[e],Putrescine,,C4H14N2,2,,C00134,,,,
cpd00419[c],PM,,C8H13N2O2,1,,C00534,,,,
cpd00020[e],Pyruvate,,C3H3O3,-1,,C00022,,,,
cpd17097[c],semiquinone-8,,C49H75O4,0,,,,,,
cpd00220[c],Riboflavin,,C17H20N4O6,0,,C00255,,,,
cpd11225[c],3-4-dihydroxy-2-butanone4-phosphate,,C4H8O6P,-1,,C15556,,,,
cpd02656[c],6-7-Dimethyl-8--1-D-ribityllumazine,,C13H18N4O6,0,,C04332,,,,
cpd00522[c],dTDP-4-oxo-L-rhamnose,,C16H22N2O15P2,-2,,C00688,,,,
cpd17081[c],L-rhamnosyl-3-hydroxydecanoyl-3-hydroxydecanoate,,C26H48O9,0,,,,,,
cpd17080[c],L-rhamnosyl-Lrhamnosyl-3-hydroxydecanoyl-3-hydroxydecanoate,,C32H58O13,0,,,,,,
cpd00105[e],D-Ribose,,C5H10O5,0,,C00121,,,,
cpd00198[c],D-Xylulose5-phosphate,,C5H10O8P,-1,,C00231,,,,
cpd00238[c],Sedoheptulose7-phosphate,,C7H14O10P,-1,,C05382,,,,
cpd00048[c],Sulfate,,O4S,-2,,C00059,,,,
cpd02698[c],"N-Succinyl-L-2,6-diaminopimelate",,C11H16N2O7,-2,,C04421,,,,
cpd02724[c],N-Succinyl-L-2-amino-6-oxopimelate,,C11H12NO8,-3,,C04462,,,,
cpd01078[c],Selenide,,H2Se,0,,C01528,,,,
cpd03078[c],Selenophosphate,,HO3PSe,-2,,C05172,,,,
cpd00550[c],D-Serine,,C3H7NO3,0,,C00740,,,,
cpd00054[e],L-Serine,,C3H7NO3,0,,C00716|C00065,,,,
cpd03525[c],N-Succinyl-L-glutamate,,C9H10NO7,-3,,C05931,,,,
cpd03426[c],Sirohydrochlorin,,C42H38N4O16,-8,,C05778,,,,
cpd00557[c],Siroheme,,C42H36FeN4O16,-8,,C00748,,,,
cpd00383[c],Shikimate,,C7H9O5,-1,,C00493,,,,
cpd00532[c],O2-,,HO2,0,,C00704,,,,
cpd00264[c],Spermidine,,C7H22N3,3,,C00315,,,,
cpd00264[e],Spermidine,,C7H22N3,3,,C00315,,,,
cpd01772[c],Succinylbenzoate,,C11H8O5,-2,,C02730,,,,
cpd00036[e],Succinate,,C4H4O4,-2,,C00042,,,,
cpd00081[c],Sulfite,,HO3S,-1,,C00094|C11481,,,,
cpd00048[e],Sulfate,,O4S,-2,,C00059,,,,
cpd00210[e],Taurine,,C2H7NO3S,0,,C00245,,,,
cpd00210[c],Taurine,,C2H7NO3S,0,,C00245,,,,
cpd00521[c],dTDP-4-oxo-6-deoxy-D-glucose,,C16H22N2O15P2,-2,,C11907,,,,
cpd02113[c],dTDP-rhamnose,,C16H24N2O15P2,-2,,C03319,,,,
cpd06227[c],THF-L-glutamate,,C24H27N8O9,-3,,C03541|C09332,,,,
cpd00305[e],Thiamin,,C12H17N4OS,1,,C00378,,,,
cpd00305[c],Thiamin,,C12H17N4OS,1,,C00378,,,,
cpd04539[c],2-Amino-3-oxo-4-phosphonooxybutyrate,,C4H7NO7P,-1,,C07335,,,,
cpd02211[c],L-2-Amino-acetoacetate,,C4H7NO3,0,,C03508,,,,
cpd11922[c],tRNA(Thr),,C10H12N5O3R,0,,C01651,,,,
cpd12229[c],L-Threonyl-tRNA(Thr),,C14H19N6O5R,0,,C02992,,,,
cpd00161[e],L-Threonine,,C4H9NO3,0,,C00188,,,,
cpd00793[c],Thiamine phosphate,,C12H17N4O4PS,0,,C01081,,,,
cpd00056[c],TPP,,C12H17N4O7P2S,-1,,C00068,,,,
cpd02654[c],4-Methyl-5--2-phosphoethyl-thiazole,,C6H9NO4PS,-1,,C04327,,,,
cpd00794[c],TRHL,,C12H22O11,0,,C01083,,,,
cpd00179[c],Maltose,,C12H22O11,0,,C00208,,,,
cpd00794[e],TRHL,,C12H22O11,0,,C01083,,,,
cpd00523[c],Trehalose 6-phosphate,,C12H22O14P,-1,,C00689,,,,
cpd00065[c],L-Tryptophan,,C11H12N2O2,0,,C00078|C00806,,,,
cpd11923[c],tRNA(Trp),,C10H12N5O3R,0,,C01652,,,,
cpd12336[c],L-Tryptophanyl-tRNA(Trp),,C21H23N7O4R,1,,C03512,,,,
cpd00065[e],L-Tryptophan,,C11H12N2O2,0,,C00078|C00806,,,,
cpd00150[c],HCN,,CHN,0,,C00177|C01326,,,,
cpd00268[c],H2S2O3,,O3S2,-2,,C05529|C00320,,,,
cpd01211[c],Thiocyanate,,CNS,-1,,C01755,,,,
cpd17091[c],"trans,trans-2,3,4,5-tetradehydroacyl-CoA (C8)",,C29H42N7O17P3S,0,,,,,,
cpd17090[c],"Trans-2,3-didehydroacyl-CoA (C8)",,C29H44N7O17P3S,0,,,,,,
cpd11751[c],tRNA(Tyr),,C10H12N5O3R,0,,C00787,,,,
cpd12194[c],L-Tyrosyl-tRNA(Tyr),,C19H22N6O5R,1,,C02839,,,,
cpd00069[e],L-Tyrosine,,C9H11NO3,0,,C00082|C01536,,,,
cpd00525[c],UDP-N-acetylmuramoyl-L-alanyl-D-glutamate,,C28H39N5O23P2,-4,,C00692,,,,
cpd02964[c],UDP-N-acetylmuramoyl-L-alanyl-D-gamma-glutamyl-meso-2-6-diaminopimelate,,C35H51N7O26P2,-4,,C04877,,,,
cpd00175[c],UDP-N-acetyl-D-galactosamine,,C17H25N3O17P2,-2,,C00203,,,,
cpd17096[c],UDP-N-acetyl-D-mannosamine-3-N,,C17H28O17N4P2,0,,,,,,
cpd17094[c],UDP-N-acetyl-D-mannosamine (2NAc3N) acid,,C17H27O17N4P2,0,,,,,,
cpd00861[c],UDP-N-acetyl-D-mannosamine,,C17H25N3O17P2,-2,,C01170,,,,
cpd02820[c],UDP-N-acetylglucosamine enolpyruvate,,C20H26N3O19P2,-3,,C04631,,,,
cpd00890[c],UDP-N-acetylmuramoyl-L-alanine,,C23H33N4O20P2,-3,,C01212,,,,
cpd00773[c],UDP-MurNAc,,C20H28N3O19P2,-3,,C01050,,,,
cpd01352[c],Undecaprenol,,C55H90O,0,,C17558|C01968,,,,
cpd02746[c],all trans Decaprenyl diphosphate,,C50H82O7P2,-2,,C17432|C04509,,,,
cpd00026[c],UDP-glucose,,C15H22N2O17P2,-2,,C00029,,,,
cpd00043[c],UDP-galactose,,C15H22N2O17P2,-2,,C00052,,,,
cpd00144[c],UDPglucuronate,,C15H19N2O18P2,-3,,C00167,,,,
cpd00348[c],D-Galactose 1-phosphate,,C6H12O9P,-1,,C00446|C03384,,,,
cpd17048[c],2-oxo-3-p-tolylpropanate,,C9H7O3,0,,,,,,
cpd17079[c],3-(4-hydroxyphenyl)-2-oxopropanoate,,C9H7O4,0,,,,,,
cpd17052[c],4-carbamoyl-2-oxobutanate,,C5H6O4N,0,,,,,,
cpd00774[c],UroporphyrinogenIII,,C40H36N4O16,-8,,C01051,,,,
cpd00092[e],Uracil,,C4H4N2O2,0,,C00106,,,,
cpd00073[e],Urea,,CH4N2O,0,,C00086,,,,
cpd00300[c],Urate,,C5H4N4O3,0,,C00366,,,,
cpd00156[c],L-Valine,,C5H11NO2,0,,C00183,,,,
cpd00156[e],L-Valine,,C5H11NO2,0,,C00183,,,,
cpd00309[e],XAN,,C5H4N4O2,0,,C00385,,,,
cpd00259[c],D-Lyxulose,,C5H10O5,0,,C00310,,,,
cpd00154[e],Xylose,,C5H10O5,0,,C01394|C00181,,,,
cpd00154[c],Xylose,,C5H10O5,0,,C01394|C00181,,,,
cpd00859[c],Pseudouridine 5'-phosphate,,C9H12N2O9P,-1,,C01168,,,,
cpd00034[c],Zn2+,,Zn,2,,C00038,,,,
cpd00034[e],Zn2+,,Zn,2,,C00038,,,,
cpd00085[e],beta-Alanine,,C3H7NO2,0,,C00099,,,,
cpd11477[c],(2E)-Hexadecenoyl-[acp],,C27H49N2O8PRS,-1,,C05763,,,,
cpd11467[c],(2E)-Tetradecenoyl-[acp],,C25H45N2O8PRS,-1,,C05760,,,,
cpd11476[c],hexadecanoyl-acp,,C27H51N2O8PRS,-1,,C05764,,,,
cpd15524[c],"1,2-dihexadecanoyl-sn-glycerol_3-phosphate",,C35H68O8P,-1,,,,,,
cpd15419[c],"CDP-1,2-dihexadecanoylglycerol",,C44H79N3O15P2,-2,,,,,,
cpd15555[c],phosphatidylserine_dihexadecanoyl,,C38H72NO10P,-2,,,,,,
cpd15531[c],phosphatidylethanolamine_dihexadecanoyl,,C37H74NO8P,0,,,,,,
cpd15326[c],1-hexadec-9-enoyl-sn-glycerol_3-phosphate,,C19H36O7P,-1,,,,,,
cpd15525[c],"1,2-dihexadec-9-enoyl-sn-glycerol_3-phosphate",,C35H64O8P,-1,,,,,,
cpd15418[c],"CDP-1,2-dihexadec-9-enoylglycerol",,C44H75N3O15P2,-2,,,,,,
cpd15556[c],phosphatidylserine_dihexadec-9-enoyl,,C38H68NO10P,-2,,,,,,
cpd15532[c],phosphatidylethanolamine_dihexadec-9enoyl,,C37H70NO8P,0,,,,,,
cpd15568[c],trans-3-cis-11-vacceoyl-[acyl-carrier protein],,C29H51N2O8PRS,-1,,,,,,
cpd11825[c],Octadecenoyl-ACP,,C29H53N2O8PRS,-1,,C01203,,,,
cpd15370[c],(R)-3-hydroxy-cis-vacc-11-enoyl-[acyl-carrier protein],,C29H53N2O9PRS,-1,,,,,,
cpd15376[c],3-oxo-cis-vacc-11-enoyl-[acyl-carrier protein],,C29H51N2O9PRS,-1,,,,,,
cpd15328[c],1-octadec-11-enoyl-sn-glycerol_3-phosphate,,C21H40O7P,-1,,,,,,
cpd15527[c],"1,2-dioctadec-11-enoyl-sn-glycerol_3-phosphate",,C39H72O8P,-1,,,,,,
cpd15420[c],"CDP-1,2-dioctadec-11-enoylglycerol",,C48H83N3O15P2,-2,,,,,,
cpd15558[c],phosphatidylserine_dioctadec-11-enoyl,,C42H76NO10P,-2,,,,,,
cpd15534[c],phosphatidylethanolamine_dioctadec-11-enoyl,,C41H78NO8P,0,,,,,,
cpd03123[c],3-Oxohexanoyl-CoA,,C27H41N7O18P3S,-3,,C05269,,,,
cpd00214[c],Palmitate,,C16H31O2,-1,,C00249,,,,
cpd00842[c],(S)-3-Hydroxybutyryl-CoA,,C25H39N7O18P3S,-3,,C01144,,,,
cpd01335[c],Octanoyl-CoA,,C29H47N7O17P3S,-3,,C01944,,,,
cpd03119[c],3-Oxodecanoyl-CoA,,C31H49N7O18P3S,-3,,C05265,,,,
cpd03114[c],3-Oxopalmitoyl-CoA,,C37H61N7O18P3S,-3,,C05259,,,,
cpd03116[c],(S)-3-Hydroxydodecanoyl-CoA,,C33H55N7O18P3S,-3,,C05262,,,,
cpd02060[c],(2E)-Dodecenoyl-CoA,,C33H53N7O17P3S,-3,,C03221,,,,
cpd03113[c],(S)-3-Hydroxyhexadecanoyl-CoA,,C37H63N7O18P3S,-3,,C05258,,,,
cpd03126[c],(2E)-Hexadecenoyl-CoA,,C37H61N7O17P3S,-3,,C05272,,,,
cpd03115[c],(S)-3-Hydroxytetradecanoyl-CoA,,C35H59N7O18P3S,-3,,C05260,,,,
cpd03127[c],(2E)-Tetradecenoyl-CoA,,C35H57N7O17P3S,-3,,C05273,,,,
cpd03117[c],3-Oxododecanoyl-CoA,,C33H53N7O18P3S,-3,,C05263,,,,
cpd03128[c],Decanoyl-CoA,,C31H51N7O17P3S,-3,,C05274,,,,
cpd03129[c],(2E)-Decenoyl-CoA,,C31H49N7O17P3S,-3,,C05275,,,,
cpd03120[c],(S)-Hydroxyoctanoyl-CoA,,C29H47N7O18P3S,-3,,C05266,,,,
cpd03121[c],3-Oxooctanoyl-CoA,,C29H45N7O18P3S,-3,,C05267,,,,
cpd03130[c],(2E)-Octenoyl-CoA,,C29H45N7O17P3S,-3,,C05276,,,,
cpd03124[c],Hexanoyl-CoA,,C27H43N7O17P3S,-3,,C05270,,,,
cpd03122[c],(S)-Hydroxyhexanoyl-CoA,,C27H43N7O18P3S,-3,,C05268,,,,
cpd03125[c],(2E)-Hexenoyl-CoA,,C27H41N7O17P3S,-3,,C05271,,,,
cpd11430[c],fa1,,C14H27O2,-1,,,,,,
cpd11435[c],fa1coa,,C35H59N7O17P3S,-3,,,,,,
cpd11438[c],fa4,,C15H29O2,-1,,,,,,
cpd11439[c],fa4coa,,C36H61N7O17P3S,-3,,,,,,
cpd11436[c],fa3,,C15H29O2,-1,,,,,,
cpd11437[c],fa3coa,,C36H61N7O17P3S,-3,,,,,,
cpd11440[c],fa6,,C16H31O2,-1,,,,,,
cpd11441[c],fa6coa,,C37H63N7O17P3S,-3,,,,,,
cpd11433[c],fa12,,C17H33O2,-1,,,,,,
cpd11434[c],fa12coa,,C38H65N7O17P3S,-3,,,,,,
cpd11431[c],fa11,,C17H33O2,-1,,,,,,
cpd11432[c],fa11coa,,C38H65N7O17P3S,-3,,,,,,
cpd11495[c],2-methylbutyryl-ACP,,C16H29N2O8PRS,-1,,,,,,
cpd11496[c],4-methyl-3-oxo-hexanoyl-ACP,,C18H31N2O9PRS,-1,,,,,,
cpd11497[c],4-methyl-3-hydroxy-hexanoyl-ACP,,C18H33N2O9PRS,-1,,,,,,
cpd11498[c],4-methyl-trans-hex-2-enoyl-ACP,,C18H31N2O8PRS,-1,,,,,,
cpd11499[c],4-methyl-hexanoyl-ACP,,C18H33N2O8PRS,-1,,,,,,
cpd11500[c],6-methyl-3-oxo-octanoyl-ACP,,C20H35N2O9PRS,-1,,,,,,
cpd11501[c],6-methyl-3-hydroxy-octanoyl-ACP,,C20H37N2O9PRS,-1,,,,,,
cpd11502[c],6-methyl-trans-oct-2-enoyl-ACP,,C20H35N2O8PRS,-1,,,,,,
cpd11503[c],6-methyl-octanoyl-ACP,,C20H37N2O8PRS,-1,,,,,,
cpd11504[c],8-methyl-3-oxo-decanoyl-ACP,,C22H39N2O9PRS,-1,,,,,,
cpd11505[c],8-methyl-3-hydroxy-decanoyl-ACP,,C22H41N2O9PRS,-1,,,,,,
cpd11506[c],8-methyl-trans-dec-2-enoyl-ACP,,C22H39N2O8PRS,-1,,,,,,
cpd11507[c],8-methyl-decanoyl-ACP,,C22H41N2O8PRS,-1,,,,,,
cpd11508[c],10-methyl-3-oxo-dodecanoyl-ACP,,C24H43N2O9PRS,-1,,,,,,
cpd11509[c],10-methyl-3-hydroxy-dodecanoyl-ACP,,C24H45N2O9PRS,-1,,,,,,
cpd11510[c],10-methyl-trans-dodec-2-enoyl-ACP,,C24H43N2O8PRS,-1,,,,,,
cpd11511[c],10-methyl-dodecanoyl-ACP,,C24H45N2O8PRS,-1,,,,,,
cpd11512[c],12-methyl-3-oxo-tetra-decanoyl-ACP,,C26H47N2O9PRS,-1,,,,,,
cpd11513[c],12-methyl-3-hydroxy-tetra-decanoyl-ACP,,C26H49N2O9PRS,-1,,,,,,
cpd11514[c],12-methyl-trans-tetra-dec-2-enoyl-ACP,,C26H47N2O8PRS,-1,,,,,,
cpd11515[c],12-methyl-tetra-decanoyl-ACP,,C26H49N2O8PRS,-1,,,,,,
cpd11516[c],14-methyl-3-oxo-hexa-decanoyl-ACP,,C28H51N2O9PRS,-1,,,,,,
cpd11517[c],14-methyl-3-hydroxy-hexa-decanoyl-ACP,,C28H53N2O9PRS,-1,,,,,,
cpd11518[c],14-methyl-trans-hexa-dec-2-enoyl-ACP,,C28H51N2O8PRS,-1,,,,,,
cpd11520[c],isovaleryl-ACP,,C16H29N2O8PRS,-1,,,,,,
cpd11521[c],5-methyl-3-oxo-hexanoyl-ACP,,C18H31N2O9PRS,-1,,,,,,
cpd11522[c],5-methyl-3-hydroxy-hexanoyl-ACP,,C18H33N2O9PRS,-1,,,,,,
cpd11523[c],5-methyl-trans-hex-2-enoyl-ACP,,C18H31N2O8PRS,-1,,,,,,
cpd11524[c],5-methyl-hexanoyl-ACP,,C18H33N2O8PRS,-1,,,,,,
cpd11525[c],7-methyl-3-oxo-octanoyl-ACP,,C20H35N2O9PRS,-1,,,,,,
cpd11526[c],7-methyl-3-hydroxy-octanoyl-ACP,,C20H37N2O9PRS,-1,,,,,,
cpd11527[c],7-methyl-trans-oct-2-enoyl-ACP,,C20H35N2O8PRS,-1,,,,,,
cpd11528[c],7-methyl-octanoyl-ACP,,C20H37N2O8PRS,-1,,,,,,
cpd11529[c],9-methyl-3-oxo-decanoyl-ACP,,C22H39N2O9PRS,-1,,,,,,
cpd11530[c],9-methyl-3-hydroxy-decanoyl-ACP,,C22H41N2O9PRS,-1,,,,,,
cpd11531[c],9-methyl-trans-dec-2-enoyl-ACP,,C22H39N2O8PRS,-1,,,,,,
cpd11532[c],9-methyl-decanoyl-ACP,,C22H41N2O8PRS,-1,,,,,,
cpd11533[c],11-methyl-3-oxo-dodecanoyl-ACP,,C24H43N2O9PRS,-1,,,,,,
cpd11534[c],11-methyl-3-hydroxy-dodecanoyl-ACP,,C24H45N2O9PRS,-1,,,,,,
cpd11535[c],11-methyl-trans-dodec-2-enoyl-ACP,,C24H43N2O8PRS,-1,,,,,,
cpd11536[c],11-methyl-dodecanoyl-ACP,,C24H45N2O8PRS,-1,,,,,,
cpd11537[c],13-methyl-3-oxo-tetra-decanoyl-ACP,,C26H47N2O9PRS,-1,,,,,,
cpd11538[c],13-methyl-3-hydroxy-tetra-decanoyl-ACP,,C26H49N2O9PRS,-1,,,,,,
cpd11539[c],13-methyl-trans-tetra-dec-2-enoyl-ACP,,C26H47N2O8PRS,-1,,,,,,
cpd11540[c],13-methyl-tetra-decanoyl-ACP,,C26H49N2O8PRS,-1,,,,,,
cpd11541[c],15-methyl-3-oxo-hexa-decanoyl-ACP,,C28H51N2O9PRS,-1,,,,,,
cpd11542[c],15-methyl-3-hydroxy-hexa-decanoyl-ACP,,C28H53N2O9PRS,-1,,,,,,
cpd11543[c],15-methyl-trans-hexa-dec-2-enoyl-ACP,,C28H51N2O8PRS,-1,,,,,,
cpd00481[c],Isobutyryl-CoA,,C25H39N7O17P3S,-3,,C00630,,,,
cpd11545[c],isobutyryl-ACP,,C15H27N2O8PRS,-1,,,,,,
cpd11546[c],4-methyl-3-oxo-pentanoyl-ACP,,C17H29N2O9PRS,-1,,,,,,
cpd11547[c],4-methyl-3-hydroxy-pentanoyl-ACP,,C17H31N2O9PRS,-1,,,,,,
cpd11548[c],4-methyl-trans-pent-2-enoyl-ACP,,C17H29N2O8PRS,-1,,,,,,
cpd11549[c],4-methyl-pentanoyl-ACP,,C17H31N2O8PRS,-1,,,,,,
cpd11550[c],6-methyl-3-oxo-heptanoyl-ACP,,C19H33N2O9PRS,-1,,,,,,
cpd11551[c],6-methyl-3-hydroxy-heptanoyl-ACP,,C19H35N2O9PRS,-1,,,,,,
cpd11552[c],6-methyl-trans-hept-2-enoyl-ACP,,C19H33N2O8PRS,-1,,,,,,
cpd11553[c],6-methyl-heptanoyl-ACP,,C19H35N2O8PRS,-1,,,,,,
cpd11554[c],8-methyl-3-oxo-nonanoyl-ACP,,C21H37N2O9PRS,-1,,,,,,
cpd11555[c],8-methyl-3-hydroxy-nonanoyl-ACP,,C21H39N2O9PRS,-1,,,,,,
cpd11556[c],8-methyl-trans-non-2-enoyl-ACP,,C21H37N2O8PRS,-1,,,,,,
cpd11557[c],8-methyl-nonanoyl-ACP,,C21H39N2O8PRS,-1,,,,,,
cpd11558[c],10-methyl-3-oxo-undecanoyl-ACP,,C23H41N2O9PRS,-1,,,,,,
cpd11559[c],10-methyl-3-hydroxy-undecanoyl-ACP,,C23H43N2O9PRS,-1,,,,,,
cpd11560[c],10-methyl-trans-undec-2-enoyl-ACP,,C23H41N2O8PRS,-1,,,,,,
cpd11561[c],10-methyl-undecanoyl-ACP,,C23H43N2O8PRS,-1,,,,,,
cpd11562[c],12-methyl-3-oxo-tridecanoyl-ACP,,C25H45N2O9PRS,-1,,,,,,
cpd11563[c],12-methyl-3-hydroxy-tridecanoyl-ACP,,C25H47N2O9PRS,-1,,,,,,
cpd11564[c],12-methyl-trans-tridec-2-enoyl-ACP,,C25H45N2O8PRS,-1,,,,,,
cpd11565[c],12-methyl-tridecanoyl-ACP,,C25H47N2O8PRS,-1,,,,,,
cpd11566[c],14-methyl-3-oxo-pentadecanoyl-ACP,,C27H49N2O9PRS,-1,,,,,,
cpd11567[c],14-methyl-3-hydroxy-pentadecanoyl-ACP,,C27H51N2O9PRS,-1,,,,,,
cpd11568[c],14-methyl-trans-pentadec-2-enoyl-ACP,,C27H49N2O8PRS,-1,,,,,,
cpd11519[c],14-methyl-hexa-decanoyl-ACP,,C28H53N2O8PRS,-1,,,,,,
cpd11544[c],15-methyl-hexa-decanoyl-ACP,,C28H53N2O8PRS,-1,,,,,,
cpd11569[c],14-methyl-pentadecanoyl-ACP,,C27H51N2O8PRS,-1,,,,,,
cpd11573[c],Octodecanoyl-ACP,,C29H55N2O8PRS,-1,,,,,,
cpd00327[c],strcoa,,C39H67N7O17P3S,-3,,C00412,,,,
cpd11570[c],3-Oxooctodecanoyl-ACP,,C29H53N2O9PRS,-1,,,,,,
cpd11571[c],3-Hydroxyoctodecanoyl-ACP,,C29H55N2O9PRS,-1,,,,,,
cpd11572[c],trans-Octodec-2-enoyl-ACP,,C29H53N2O8PRS,-1,,,,,,
cpd03847[c],Myristic_acid,,C14H27O2,-1,,C06424,,,,
cpd01260[c],Lauroyl-CoA,,C33H55N7O17P3S,-3,,C01832,,,,
cpd12689[c],3-Oxotetradecanoyl-CoA,,C35H57N7O18P3S,-3,,C05261,,,,
cpd15325[c],1-dodecanoyl-sn-glycerol_3-phosphate,,C15H30O7P,-1,,,,,,
cpd15521[c],"1,2-didodecanoyl-sn-glycerol_3-phosphate",,C27H52O8P,-1,,,,,,
cpd15331[c],1-tetradecanoyl-sn-glycerol_3-phosphate,,C17H34O7P,-1,,,,,,
cpd15522[c],"1,2-ditetradecanoyl-sn-glycerol_3-phosphate",,C31H60O8P,-1,,,,,,
cpd15330[c],1-tetradec-7-enoyl-sn-glycerol_3-phosphate,,C17H32O7P,-1,,,,,,
cpd15523[c],"1,2-ditetradec-7-enoyl-sn-glycerol_3-phosphate",,C31H56O8P,-1,,,,,,
cpd15327[c],1-hexadecanoyl-sn-glycerol_3-phosphate,,C19H38O7P,-1,,,,,,
cpd15329[c],1-octadecanoyl-sn-glycerol_3-phosphate,,C21H42O7P,-1,,,,,,
cpd15526[c],"1,2-dioctadecanoyl-sn-glycerol_3-phosphate",,C39H76O8P,-1,,,,,,
cpd15306[c],"1,2-Diacyl-sn-glycerol_didodecanoyl",,C27H52O5,0,,,,,,
cpd15307[c],"1,2-Diacyl-sn-glycerol_ditetradecanoyl",,C31H60O5,0,,,,,,
cpd15308[c],"1,2-Diacyl-sn-glycerol_ditetradec-7-enoyl",,C31H56O5,0,,,,,,
cpd15309[c],"1,2-Diacyl-sn-glycerol_dihexadecanoyl",,C35H68O5,0,,,,,,
cpd15310[c],"1,2-Diacyl-sn-glycerol_dihexadec-9-enoyl",,C35H64O5,0,,,,,,
cpd15311[c],"1,2-Diacyl-sn-glycerol_dioctadecanoyl",,C39H76O5,0,,,,,,
cpd15312[c],"1,2-Diacyl-sn-glycerol_dioctadec-11-enoyl",,C39H72O5,0,,,,,,
cpd15417[c],"CDP-1,2-didodecanoylglycerol",,C36H63N3O15P2,-2,,,,,,
cpd15423[c],"CDP-1,2-ditetradecanoylglycerol",,C40H71N3O15P2,-2,,,,,,
cpd15422[c],"CDP-1,2-ditetradec-7-enoylglycerol",,C40H67N3O15P2,-2,,,,,,
cpd15421[c],"CDP-1,2-dioctadecanoylglycerol",,C48H87N3O15P2,-2,,,,,,
cpd02090[c],Glycerophosphoglycerol,,C6H14O8P,-1,,C03274,,,,
cpd15542[c],Phosphatidylglycerophosphate_didodecanoyl,,C30H58O13P2,-2,,,,,,
cpd15535[c],Phosphatidylglycerol_didodecanoyl,,C30H58O10P,-1,,,,,,
cpd15543[c],Phosphatidylglycerophosphate_ditetradecanoyl,,C34H66O13P2,-2,,,,,,
cpd15536[c],Phosphatidylglycerol_ditetradecanoyl,,C34H66O10P,-1,,,,,,
cpd15544[c],Phosphatidylglycerophosphate_ditetradec-7-enoyl,,C34H62O13P2,-2,,,,,,
cpd15537[c],Phosphatidylglycerol_ditetradec-7-enoyl,,C34H62O10P,-1,,,,,,
cpd15545[c],Phosphatidylglycerophosphate_dihexadecanoyl,,C38H74O13P2,-2,,,,,,
cpd15538[c],Phosphatidylglycerol_dihexadecanoyl,,C38H74O10P,-1,,,,,,
cpd15546[c],Phosphatidylglycerophosphate_dihexadec-9-enoyl,,C38H70O13P2,-2,,,,,,
cpd15539[c],Phosphatidylglycerol_dihexadec-9-enoyl,,C38H70O10P,-1,,,,,,
cpd15547[c],Phosphatidylglycerophosphate_dioctadecanoyl,,C42H82O13P2,-2,,,,,,
cpd15540[c],Phosphatidylglycerol_dioctadecanoyl,,C42H82O10P,-1,,,,,,
cpd15548[c],Phosphatidylglycerophosphate_dioctadec-11-enoyl,,C42H78O13P2,-2,,,,,,
cpd15541[c],Phosphatidylglycerol_dioctadec-11-enoyl,,C42H78O10P,-1,,,,,,
cpd15552[c],phosphatidylserine_didodecanoyl,,C30H56NO10P,-2,,,,,,
cpd15528[c],phosphatidylethanolamine_didodecanoyl,,C29H58NO8P,0,,,,,,
cpd15553[c],phosphatidylserine_ditetradecanoyl,,C34H64NO10P,-2,,,,,,
cpd15529[c],phosphatidylethanolamine_ditetradecanoyl,,C33H66NO8P,0,,,,,,
cpd15554[c],phosphatidylserine_ditetradec-7-enoyl,,C34H60NO10P,-2,,,,,,
cpd15530[c],phosphatidylethanolamine_ditetradec-7-enoyl,,C33H62NO8P,0,,,,,,
cpd15557[c],phosphatidylserine_dioctadecanoyl,,C42H80NO10P,-2,,,,,,
cpd15533[c],phosphatidylethanolamine_dioctadecanoyl,,C41H82NO8P,0,,,,,,
cpd15269[c],octadecenoate,,C18H33O2,-1,,,,,,
cpd15274[c],Octadecenoyl-CoA,,C39H65N7O17P3S,-3,,,,,,
cpd01080[c],ocdca,,C18H35O2,-1,,C01530,,,,
cpd15237[c],hexadecenoate,,C16H29O2,-1,,,,,,
cpd15238[c],Hexadecenoyl-CoA,,C37H61N7O17P3S,-3,,,,,,
cpd15671[c],1-isoheptadecanoyl-sn-glycerol_3-phosphate,,C20H40O7P,-1,,,,,,
cpd15672[c],1-anteisoheptadecanoyl-sn-glycerol_3-phosphate,,C20H40O7P,-1,,,,,,
cpd15673[c],1-isotetradecanoyl-sn-glycerol_3-phosphate,,C17H34O7P,-1,,,,,,
cpd15674[c],1-isopentadecanoyl-sn-glycerol_3-phosphate,,C18H36O7P,-1,,,,,,
cpd15675[c],1-anteisopentadecanoyl-sn-glycerol_3-phosphate,,C18H36O7P,-1,,,,,,
cpd15676[c],1-isohexadecanoyl-sn-glycerol_3-phosphate,,C19H38O7P,-1,,,,,,
cpd15677[c],"1,2-diisoheptadecanoyl-sn-glycerol_3-phosphate",,C37H72O8P,-1,,,,,,
cpd15678[c],"1,2-dianteisoheptadecanoyl-sn-glycerol_3-phosphate",,C37H72O8P,-1,,,,,,
cpd15679[c],"1,2-diisotetradecanoyl-sn-glycerol_3-phosphate",,C31H60O8P,-1,,,,,,
cpd15680[c],"1,2-diisopentadecanoyl-sn-glycerol_3-phosphate",,C33H64O8P,-1,,,,,,
cpd15681[c],"1,2-dianteisopentadecanoyl-sn-glycerol_3-phosphate",,C33H64O8P,-1,,,,,,
cpd15682[c],"1,2-diisohexadecanoyl-sn-glycerol_3-phosphate",,C35H68O8P,-1,,,,,,
cpd15683[c],"CDP-1,2-diisoheptadecanoylglycerol",,C46H83N3O15P2,-2,,,,,,
cpd15684[c],"CDP-1,2-dianteisoheptadecanoylglycerol",,C46H83N3O15P2,-2,,,,,,
cpd15685[c],"CDP-1,2-diisotetradecanoylglycerol",,C40H71N3O15P2,-2,,,,,,
cpd15686[c],"CDP-1,2-diisopentadecanoylglycerol",,C42H75N3O15P2,-2,,,,,,
cpd15687[c],"CDP-1,2-dianteisopentadecanoylglycerol",,C42H75N3O15P2,-2,,,,,,
cpd15688[c],"CDP-1,2-diisohexadecanoylglycerol",,C44H79N3O15P2,-2,,,,,,
cpd15689[c],Diisoheptadecanoylphosphatidylserine,,C40H76NO10P,-2,,,,,,
cpd15690[c],Dianteisoheptadecanoylphosphatidylserine,,C40H76NO10P,-2,,,,,,
cpd15691[c],Diisotetradecanoylphosphatidylserine,,C34H64NO10P,-2,,,,,,
cpd15692[c],Diisopentadecanoylphosphatidylserine,,C36H68NO10P,-2,,,,,,
cpd15693[c],Dianteisopentadecanoylphosphatidylserine,,C36H68NO10P,-2,,,,,,
cpd15694[c],Diisohexadecanoylphosphatidylserine,,C38H72NO10P,-2,,,,,,
cpd15716[c],Diisoheptadecanoylphosphatidylglycerophosphate,,C40H78O13P2,-2,,,,,,
cpd15717[c],Dianteisoheptadecanoylphosphatidylglycerophosphate,,C40H78O13P2,-2,,,,,,
cpd15718[c],Diisotetradecanoylphosphatidylglycerophosphate,,C34H66O13P2,-2,,,,,,
cpd15719[c],Diisopentadecanoylphosphatidylglycerophosphate,,C36H70O13P2,-2,,,,,,
cpd15720[c],Dianteisopentadecanoylphosphatidylglycerophosphate,,C36H70O13P2,-2,,,,,,
cpd15721[c],Diisohexadecanoylphosphatidylglycerophosphate,,C38H74O13P2,-2,,,,,,
cpd15722[c],Diisoheptadecanoylphosphatidylglycerol,,C40H78O10P,-1,,,,,,
cpd15723[c],Dianteisoheptadecanoylphosphatidylglycerol,,C40H78O10P,-1,,,,,,
cpd15724[c],Diisotetradecanoylphosphatidylglycerol,,C34H66O10P,-1,,,,,,
cpd15725[c],Diisopentadecanoylphosphatidylglycerol,,C36H70O10P,-1,,,,,,
cpd15726[c],Dianteisopentadecanoylphosphatidylglycerol,,C36H70O10P,-1,,,,,,
cpd15727[c],Diisohexadecanoylphosphatidylglycerol,,C38H74O10P,-1,,,,,,
cpd15791[c],Palmitoylcardiolipin_(B. subtilis),,C73H140O17P2,-2,,,,,,
cpd15792[c],Myristoylcardiolipin_(B. subtilis),,C65H124O17P2,-2,,,,,,
cpd15793[c],Stearoylcardiolipin_(B. subtilis),,C81H156O17P2,-2,,,,,,
cpd15794[c],Isoheptadecanoylcardiolipin_(B. subtilis),,C77H148O17P2,-2,,,,,,
cpd15795[c],Anteisoheptadecanoylcardiolipin_(B. subtilis),,C77H148O17P2,-2,,,,,,
cpd15796[c],Isotetradecanoylcardiolipin_(B. subtilis),,C65H124O17P2,-2,,,,,,
cpd15797[c],Isopentadecanoylcardiolipin_(B. subtilis),,C69H132O17P2,-2,,,,,,
cpd15798[c],Anteisopentadecanoylcardiolipin_(B. subtilis),,C69H132O17P2,-2,,,,,,
cpd15799[c],Isohexadecanoylcardiolipin_(B. subtilis),,C73H140O17P2,-2,,,,,,
cpd15695[c],Diisoheptadecanoylphosphatidylethanolamine,,C39H78NO8P,0,,,,,,
cpd15696[c],Dianteisoheptadecanoylphosphatidylethanolamine,,C39H78NO8P,0,,,,,,
cpd15697[c],Diisotetradecanoylphosphatidylethanolamine,,C33H66NO8P,0,,,,,,
cpd15698[c],Diisopentadecanoylphosphatidylethanolamine,,C35H70NO8P,0,,,,,,
cpd15699[c],Dianteisopentadecanoylphosphatidylethanolamine,,C35H70NO8P,0,,,,,,
cpd15700[c],Diisohexadecanoylphosphatidylethanolamine,,C37H74NO8P,0,,,,,,
cpd15701[c],"1,2-Diisoheptadecanoyl-sn-glycerol",,C37H72O5,0,,,,,,
cpd15702[c],"1,2-Dianteisoheptadecanoyl-sn-glycerol",,C37H72O5,0,,,,,,
cpd15703[c],"1,2-Diisotetradecanoyl-sn-glycerol",,C31H60O5,0,,,,,,
cpd15704[c],"1,2-Diisopentadecanoyl-sn-glycerol",,C33H64O5,0,,,,,,
cpd15705[c],"1,2-Dianteisopentadecanoyl-sn-glycerol",,C33H64O5,0,,,,,,
cpd15706[c],"1,2-Diisohexadecanoyl-sn-glycerol",,C35H68O5,0,,,,,,
cpd00221[e],D-Lactate,,C3H5O3,0,,C00256,,,,
cpd00079[e],D-glucose-6-phosphate,,C6H12O9P,0,,C00668|C00092,,,,
cpd00588[e],Sorbitol,,C6H14O6,0,,,,,,
cpd00588[c],Sorbitol,,C6H14O6,0,,,,,,
cpd00121[e],L-Inositol,,C6H12O6,0,,,,,,
cpd00121[c],L-Inositol,,C6H12O6,0,,,,,,
cpd00851[e],trans-4-Hydroxy-L-proline,,C5H8NO3,-1,,,,,,
cpd00851[c],trans-4-Hydroxy-L-proline,,C5H8NO3,-1,,,,,,
cpd00489[e],4-Hydroxyphenylacetate,,C8H7O3,0,,C13636|C00642,,,,
cpd00072[e],D-fructose-6-phosphate,,C6H12O9P,0,,C05345|C00085,,,,
cpd01502[e],Citraconate,,C5H4O4,-2,,C02226,,,,
cpd01502[c],Citraconate,,C5H4O4,-2,,C02226,,,,
cpd01293[e],5-Oxoproline,,C5H6NO3,-1,,C01879,,,,
cpd01293[c],5-Oxoproline,,C5H6NO3,-1,,C01879,,,,
cpd00666[e],Tartrate,,C4H4O6,-2,,C00898|C02107,,,,
cpd00666[c],Tartrate,,C4H4O6,-2,,C00898|C02107,,,,
cpd00089[e],Glycolate,,C2H3O3,0,,C00160,,,,
cpd00139[e],Glycolate,,C2H3O3,0,,C00160,,,,
cpd00179[e],Maltose,,C12H22O11,0,,C00208,,,,
cpd00224[e],L-Arabinose,,C5H10O5,0,,,,,,
cpd00224[c],L-Arabinose,,C5H10O5,0,,,,,,
cpd00268[e],H2S2O3,,O3S2,0,,C05529|C00320,,,,
cpd03424[e],Vitamin_B12,,C61H86CoN13O14PR,6,,,,,,
cpd03424[c],Vitamin_B12,,C61H86CoN13O14PR,6,,,,,,
cpd00367[e],Cytidine,,C9H13N3O5,0,,C00475,,,,
cpd00249[e],Uridine,,C9H12N2O6,0,,C00299,,,,
cpd00184[e],Thymidine,,C10H14N2O5,0,,C00214,,,,
cpd00226[e],HYXN,,C5H4N4O,0,,C00262,,,,
cpd00654[e],Deoxycytidine,,C9H13N3O4,0,,C00881,,,,
cpd00246[e],Inosine,,C10H12N4O5,0,,C00294,,,,
cpd00438[e],Deoxyadenosine,,C10H13N5O3,0,,C00559,,,,
cpd00182[e],Adenosine,,C10H13N5O4,0,,C00212,,,,
cpd00142[e],Acetoacetate,,C4H5O3,0,,C00164,,,,
cpd00122[e],N-Acetyl-D-glucosamine,,C8H15NO6,0,,,,,,
cpd00423[e],Vitamin_B12r,,C62H89CoN13O14P,1,,,,,,
cpd00423[c],Vitamin_B12r,,C62H89CoN13O14P,1,,,,,,
cpd11595[c],chromate_H2O4Cr,,,-2,,,,,,
cpd11595[e],chromate_H2O4Cr,,,-2,,,,,,
cpd11593[e],ala-L-asp-L,,C7H11N2O5,-1,,,,,,
cpd11593[c],ala-L-asp-L,,C7H11N2O5,-1,,,,,,
cpd11592[e],gly-glu-L,,C7H11N2O5,-1,,,,,,
cpd11592[c],gly-glu-L,,C7H11N2O5,-1,,,,,,
cpd11591[e],Gly-Met,,C7H14N2O3S,0,,,,,,
cpd11591[c],Gly-Met,,C7H14N2O3S,0,,,,,,
cpd11590[e],met-L-ala-L,,C8H15N2O3S,-1,,,,,,
cpd11590[c],met-L-ala-L,,C8H15N2O3S,-1,,,,,,
cpd11589[e],gly-asp-L,,C6H9N2O5,-1,,,,,,
cpd11589[c],gly-asp-L,,C6H9N2O5,-1,,,,,,
cpd11588[e],gly-pro-L,,C7H12N2O3,0,,,,,,
cpd11588[c],gly-pro-L,,C7H12N2O3,0,,,,,,
cpd01017[e],Cys-Gly,,C5H10N2O3S,0,,,,,,
cpd01017[c],Cys-Gly,,C5H10N2O3S,0,,,,,,
cpd11587[e],Ala-Gln,,C8H15N3O4,0,,,,,,
cpd11587[c],Ala-Gln,,C8H15N3O4,0,,,,,,
cpd11586[e],ala-L-glu-L,,C8H13N2O5,-1,,,,,,
cpd11586[c],ala-L-glu-L,,C8H13N2O5,-1,,,,,,
cpd11585[e],L-alanylglycine,,C5H10N2O3,0,,,,,,
cpd11585[c],L-alanylglycine,,C5H10N2O3,0,,,,,,
cpd11584[e],Ala-His,,C9H14N4O3,0,,,,,,
cpd11584[c],Ala-His,,C9H14N4O3,0,,,,,,
cpd11583[e],Ala-Leu,,C9H18N2O3,0,,,,,,
cpd11583[c],Ala-Leu,,C9H18N2O3,0,,,,,,
cpd11582[e],ala-L-Thr-L,,C7H14N2O4,0,,,,,,
cpd11582[c],ala-L-Thr-L,,C7H14N2O4,0,,,,,,
cpd11581[e],gly-asn-L,,C6H11N3O4,0,,,,,,
cpd11581[c],gly-asn-L,,C6H11N3O4,0,,,,,,
cpd11580[e],Gly-Gln,,C7H13N3O4,0,,,,,,
cpd11580[c],Gly-Gln,,C7H13N3O4,0,,,,,,
cpd01242[e],Thyminose,,C5H10O4,0,,,,,,
cpd01242[c],Thyminose,,C5H10O4,0,,,,,,
cpd00162[e],Aminoethanol,,C2H8NO,0,,C00189,,,,
cpd00652[e],D-Mucic_acid,,C6H8O8,-2,,,,,,
cpd00652[c],D-Mucic_acid,,C6H8O8,-2,,,,,,
cpd00609[e],D-Glucarate,,C6H8O8,-2,,,,,,
cpd00609[c],D-Glucarate,,C6H8O8,-2,,,,,,
cpd00164[e],Glucuronate,,C6H9O7,-1,,,,,,
cpd00164[c],Glucuronate,,C6H9O7,-1,,,,,,
cpd01262[e],Amylotriose,,C18H32O16,0,,,,,,
cpd01262[c],Amylotriose,,C18H32O16,0,,,,,,
cpd01914[e],L-Methionine S-oxide,,C5H11NO3S,0,,C02989,,,,
cpd11576[e],L-methionine_R-oxide,,C5H11NO3S,0,,,,,,
cpd11576[c],L-methionine_R-oxide,,C5H11NO3S,0,,,,,,
cpd11575[e],MOPS,,C7H14NO4S,-1,,,,,,
cpd11575[c],MOPS,,C7H14NO4S,-1,,,,,,
cpd00550[e],D-Serine,,C3H7NO3,0,,C00740,,,,
cpd09878[e],Sulfoacetate,,C2H2O5S,-2,,,,,,
cpd09878[c],Sulfoacetate,,C2H2O5S,-2,,,,,,
cpd00280[e],D-Galacturonate,,C6H9O7,-1,,C00333,,,,
cpd00280[c],D-Galacturonate,,C6H9O7,-1,,C00333,,,,
cpd00211[e],Butyrate,,C4H7O2,0,,C00246,,,,
cpd00412[e],Deoxyuridine,,C9H12N2O5,0,,C00526,,,,
cpd03279[e],Deoxyinosine,,C10H12N4O4,0,,C05512,,,,
cpd00277[e],Deoxyguanosine,,C10H13N5O4,0,,C00330,,,,
cpd00653[e],D-Galactonate,,C6H11O7,-1,,,,,,
cpd00653[c],D-Galactonate,,C6H11O7,-1,,C00880,,,,
cpd01329[e],Maltohexaose,,C36H62O31,0,,,,,,
cpd01329[c],Maltohexaose,,C36H62O31,0,,,,,,
cpd15661[c],Prenol-45n teichoic acid,,C206H386N2O242P47,-47,,,,,,
cpd15665[c],Peptidoglycan polymer (n subunits),,C80H125N16O42R,-4,,,,,,
cpd15667[c],"glycerol teichoic acid (n=45), linked, unsubstituted",,C191H359N10O259P46R,-48,,,,,,
cpd15662[c],Prenol-45n teichoic acid-glucose substituted,,C476H836N2O467P47,-47,,,,,,
cpd15669[c],"glycerol teichoic acid (n=45), linked, glucose substituted",,C461H809N10O484P46R,-48,,,,,,
cpd15663[c],Prenol-45n teichoic acid-alanine substituted,,C341H611N47O287P47,-47,,,,,,
cpd15668[c],"glycerol teichoic acid (n=45), linked, D-ala substituted",,C326H584N55O304P46R,-48,,,,,,
cpd00531[c],Hg2+,,Hg,2,,,,,,
cpd00531[e],Hg2+,,Hg,2,,,,,,
cpd04097[c],Pb_Pb,,Pb,2,,C06696,,,,
cpd04097[e],Pb_Pb,,Pb,2,,C06696,,,,
cpd00012[e],PPi,,H2O7P2,0,,C00013,,,,
cpd00797[e],(R)-3-Hydroxybutanoate,,C4H7O3,0,,C01089,,,,
cpd15603[e],Gly-Cys,,C5H10N2O3S,0,,,,,,
cpd15603[c],Gly-Cys,,C5H10N2O3S,0,,,,,,
cpd15604[e],Gly-Leu,,C8H16N2O3,0,,,,,,
cpd15604[c],Gly-Leu,,C8H16N2O3,0,,,,,,
cpd15605[e],Gly-Phe,,C11H14N2O3,0,,,,,,
cpd15605[c],Gly-Phe,,C11H14N2O3,0,,,,,,
cpd15606[e],Gly-Tyr,,C11H14N2O4,0,,,,,,
cpd15606[c],Gly-Tyr,,C11H14N2O4,0,,,,,,
cPY00116[e],phosphoethanolamine KDO(2)-lipid (A),,C112H202N3O42P3,-6,,,,,,
cpd00063[e],Ca2+,,Ca,2,,,,,,
cpd00099[e],Cl-,,Cl,-1,,,,,,
cpd00108[e],Galactose,,C6H12O6,0,,,,,,
cpd00117[e],D-Alanine,,C3H7NO2,0,,C00133,,,,
cpd00176[e],2-keto-3-deoxygluconate,,C6H9O6,-1,,,,,,
cpd00395[e],L-Cysteate,,C3H6NO5S,-1,,,,,,
cpd00635[e],Cbl,,C62H89CoN13O14P,0,,,,,,
cpd01015[e],Cyanate,,CNO,0,,C01417,,,,
cpd01048[e],Arsenate,,HO4As,0,,C01478|C11215,,,,
cpd03048[e],Isethionate,,C2H5O4S,-1,,,,,,
cpd04098[e],Arsenite,,H3O3As,0,,C06697,,,,
cpd11416[c],Biomass,,,0,,,,,,
cpd00141[e],Propionate,,C3H5O2,-1,,,,,,
cPY00016[e],Mannose,,C6H12O6,0,,,,,,
cpd01307[e],D-Lyxitol,,C5H12O5,0,,,,,,
cJB00034[e],L-Sorbose,,,0,,,,,,
cpd00306[e],Xylitol,,C5H12O5,0,,,,,,
cpd03320[c],3-Hydroxyphenylacetate,,C8H8O3,0,,,,,,
cpd00510[c],deoxyribose-5-phosphate,,C5H10O7P,-1,,,,,,
cpd01735[c],Glucurone,,C6H8O6,0,,,,,,
cpd01844[c],Propionyl_phosphate,,C3H6O5P,-1,,,,,,
cpd03560[c],Propionyladenylate,,C13H17N5O8P,-1,,,,,,
cpd00141[c],Propionate,,C3H5O2,-1,,,,,,
cpd15500[c],Menaquinone_8,,C51H72O2,0,,,,,,
cpd15499[c],Menaquinol_8,,C51H74O2,0,,,,,,
cpd15560[c],Ubiquinone-8,,C49H74O4,0,,,,,,
cpd03187[c],Oxalosuccinate,,C6H3O7,-3,,,,,,
cpd01949[c],"(S,S)-2,3-Butanediol",,C4H10O2,0,,C03046,,,,
cpd01221[c],(S)-Acetoin,,C4H8O2,0,,C01769,,,,
cpd00331[c],cis-Aconitate,,C6H3O6,-3,,C00417,,,,
cpd00331[e],cis-Aconitate,,C6H3O6,-3,,C00417,,,,
cpd00158[c],CELB,,C12H22O11,0,,C00185,,,,
cpd00380[c],Itaconate,,C5H4O4,-2,,C00490,,,,
cpd00380[e],Itaconate,,C5H4O4,-2,,C00490,,,,
cpd00416[c],Itaconyl-CoA,,C26H36N7O19P3S,-4,,C00531,,,,
cpd00743[c],L-Citramalyl-CoA,,C26H38N7O20P3S,-4,,C01011,,,,
cpd03831[c],ADP-L-glycero-D-manno-heptose,,C17H25N5O16P2,-2,,C06398,,,,
cpd08615[c],1-Hydroxy-2-methyl-2-butenyl 4-diphosphate,,C5H10O8P2,-2,,C11811,,,,
cpd00202[c],DMAPP,,C5H10O7P2,-2,,C00235|C17627,,,,
cpd16764[c],"2-nonaprenyl-3-methyl-6-methoxy-1,4-benzoquinol",,C53H82O3,0,,,,,,
cpd16765[c],2-nonaprenyl-6-hydroxyphenol,,C51H78O2,0,,,,,,
cpd16766[c],"2-nonaprenyl-6-methoxy-1,4-benzoquinol",,C52H80O3,0,,,,,,
cpd16767[c],2-nonaprenyl-6-methoxyphenol,,C52H80O2,0,,,,,,
cpd16768[c],2-nonaprenylphenol,,C51H78O,0,,,,,,
cpd02172[c],Solanesyl diphosphate,,C45H74O7P2,-2,,C04145,,,,
cpd02419[c],Nonaprenyl-4-hydroxybenzoate,,C52H77O3,-1,,C03885,,,,
cJB00124[c],3-Demethylubiquinol-9,,C53H82O4,-1,,C03226,,,,
cJB00125[c],Ubiquinol-9,,C54H84O4,0,,C01967,,,,
cpd11624[c],Lecithin,,C10H18NO8PR2,0,,C00157,,,,
cpd15428[c],clpn160,,C73H140O17P2,-2,,,,,,
cpd15430[c],clpn180,,C81H156O17P2,-2,,,,,,
cpd15429[c],clpn161,,C73H132O17P2,-2,,,,,,
cpd15431[c],clpn181,,C81H148O17P2,-2,,,,,,
cPY00120[c],pa160161,,C35H65O8P1,0,,,,,,
cPY00121[c],CDP-pa160161,,C44H77N3O15P2,0,,,,,,
cPY00130[c],pgp160161,,C38H71O13P2,0,,,,,,
cPY00131[c],pg160161,,C38H72O10P1,0,,,,,,
cPY00142[c],clpn160161,,C73H136O17P2,0,,,,,,
cPY00138[c],clpn170cyc,,None,0,,,,,,
cPY00125[c],pa180181,,C39H73O8P1,0,,,,,,
cPY00126[c],CDP-pa180181,,C48H85N3O15P2,0,,,,,,
cPY00133[c],pgp180181,,C42H79O13P2,0,,,,,,
cPY00134[c],pg180181,,C42H80O10P1,0,,,,,,
cPY00141[c],clpn180181,,C81H150O17P2,0,,,,,,
cPY00140[c],clpn190cyc,,None,0,,,,,,
cPY00122[c],ps160161,,C38H71N1O10P1,0,,,,,,
cPY00123[c],pe160161,,C37H72N1O8P1,0,,,,,,
cPY00124[c],pe170cyc,,None,0,,,,,,
cPY00127[c],ps180181,,C42H79N1O10P1,0,,,,,,
cPY00128[c],pe180181,,C41H80N1O8P1,0,,,,,,
cPY00129[c],pe190cyc,,None,0,,,,,,
cPY00132[c],pg170cyc,,None,0,,,,,,
cPY00135[c],pg190cyc,,C42H80O10P1,0,,,,,,
cpd01101[c],Carbamate,,CH2NO2,-1,,,,,,
cpd12005[c],Lipoylprotein,,CHRS2,0,,C02051,,,,
cpd12225[c],Dihydrolipolprotein,,CH3RS2,0,,C02972,,,,
cpd11830[c],S-Aminomethyldihydrolipoylprotein,,C2H7NRS2,1,,C01242,,,,
cpd01206[c],pyocyanin,,C13H12N2O,0,,,,,,
cPY00161[c],N5-hydroxy-L-ornithine,,C5H12N2O3,0,,,,,,
cPY00162[c],N5-formyl-N5-hydroxy-L-ornithine,,C6H12N2O4,0,,,,,,
cPY00163[c],ferribactin,,C56H90N18O21,0,,,,,,
cPY00164[c],pyoverdine,,C56H88N18O22,0,,,,,,
cpd00599[c],salicylate,,C7H5O3,-1,,,,,,
cpd08828[c],pyochelin,,C14H15N2O3S2,-1,,,,,,
cpd17064[c],PA_core7_lipidA,,C152H268N2O93P5,0,,,,,,
cpd17063[c],PA_core6_lipidA,,C152H271N2O84P2,0,,,,,,
cpd17062[c],PA_core5_lipidA,,C146H260N2O79P2,0,,,,,,
cpd17061[c],PA_core4_lipidA,,C134H238N2O71P2,0,,,,,,
cpd17060[c],PA_core3_lipidA,,C116H205N2O56P2,0,,,,,,
cpd17059[c],PA_core2_lipidA,,C110H194N2O51P2,0,,,,,,
cpd17058[c],PA_core1_lipidA,,C103H181N2O45P2,0,,,,,,
cpd17088[c],rha4glcnacppund,,C88H156P6O39N4,0,,,,,,
cpd17056[c],Pseudomonas aeruginosa A-band lipopolysaccharide,,C189H341P9O127N8,0,,,,,,
cpd17087[c],rha3glcnacppund,,C82H143P5O32N4,0,,,,,,
cpd17086[c],rha1glcnacppund,,C70H117P3O18N4,0,,,,,,
cJB00127[c],cis-2-Decenoic acid,,C10H17O2,-1,,,,,,
cpd02103[c],N2-Succinyl-L-arginine,,C10H17N4O5,-1,,C03296,,,,
cpd02160[c],N2-Succinyl-L-ornithine,,C9H15N2O5,-1,,C03415,,,,
cpd03526[c],N-Succinyl-L-glutamate 5-semialdehyde,,C9H11NO6,-2,,C05932,,,,
cJB00127[e],cis-2-Decenoic acid,,C10H17O2,-1,,,,,,
